Year,Town Code,Town,Sheltered Homeless,Unsheltered Homeless,Total Homeless,Percentage of Homelessness
2007,1,Andover,51.0,20.0,71,0.81
2007,2,Ansonia,92.0,8.0,100,1.14
2007,3,Ashford,14.0,27.0,41,0.47
2007,4,Avon,71.0,45.0,116,1.32
2007,5,Barkhamsted,60.0,,66,0.75
2007,6,Beacon Falls,20.0,15.0,35,0.4
2007,7,Berlin,82.0,15.0,97,1.1
2007,8,Bethany,86.0,32.0,118,1.34
2007,9,Bethel,74.0,3.0,-77,0.87
2007,10,Bethlehem,74.0,3.0,77,0.87
2007,11,Bloomfield,87.0,38.0,125,1.42
2007,12,Bolton,99.0,39.0,138,1.57
2007,13,Bozrah,23.0,16.0,39,0.44
2007,14,Branford,2.0,36.0,38,0.43
2007,15,Bridgeport,21.0,38.0,59,0.67
2007,16,Bridgewater,52.0,28.0,80,0.91
2007,17,Bristol,1.0,35.0,36,0.41
2007,18,Brookfield,87.0,37.0,124,1.41
2007,19,Brooklyn,29.0,38.0,67,0.76
2007,20,Burlington,37.0,49.0,86,0.98
2007,21,Canaan,1.0,36.0,37,0.42
2007,22,Canterbury,63.0,34.0,97,1.1
2007,23,Canton,59.0,6.0,65,0.74
2007,24,Chaplin,20.0,26.0,46,0.52
2007,25,Cheshire,32.0,27.0,59,0.67
2007,26,Chester,75.0,21.0,96,1.09
2007,27,Clinton,57.0,13.0,70,0.8
2007,28,Colchester,21.0,6.0,27,0.31
2007,29,Colebrook,88.0,36.0,124,1.41
2007,30,Columbia,48.0,21.0,69,0.78
2007,31,Cornwall,90.0,4.0,94,1.07
2007,32,Coventry,58.0,1.0,59,0.67
2007,33,Cromwell,41.0,26.0,67,0.76
2007,34,Danbury,91.0,,111,1.26
2007,35,Darien,59.0,37.0,96,1.09
2007,36,Deep River,79.0,14.0,93,1.06
2007,37,Derby,14.0,20.0,34,0.39
2007,38,Durham,,9.0,70,0.8
2007,40,East Granby,61.0,22.0,-83,0.94
2007,41,East Haddam,46.0,,84,0.95
2007,42,East Hampton,61.0,4.0,65,0.74
2007,43,East Hartford,50.0,0.0,50,0.57
2007,44,East Haven,54.0,12.0,66,0.75
2007,45,East Lyme,63.0,20.0,83,0.94
2007,47,East Windsor,2.0,25.0,27,0.31
2007,39,Eastford,50.0,49.0,99,1.12
2007,46,Easton,6.0,44.0,50,0.57
2007,48,Ellington,20.0,20.0,40,0.45
2007,49,Enfield,72.0,17.0,89,1.01
2007,50,Essex,38.0,36.0,74,0.84
2007,51,Fairfield,17.0,44.0,61,0.69
2007,52,Farmington,3.0,31.0,34,0.39
2007,53,Franklin,88.0,35.0,123,1.4
2007,54,Glastonbury,59.0,16.0,75,0.85
2007,55,Goshen,13.0,34.0,47,0.53
2007,56,Granby,8.0,48.0,56,0.64
2007,57,Greenwich,89.0,10.0,99,1.12
2007,58,Griswold,52.0,20.0,72,0.82
2007,59,Groton,1.0,25.0,26,0.3
2007,60,Guilford,83.0,3.0,86,0.98
2007,61,Haddam,91.0,33.0,124,1.41
2007,62,Hamden,59.0,47.0,106,1.2
2007,63,Hampton,70.0,17.0,87,0.99
2007,64,Hartford,43.0,39.0,82,0.93
2007,65,Hartland,7.0,34.0,41,0.47
2007,66,Harwinton,46.0,40.0,86,0.98
2007,67,Hebron,34.0,28.0,62,0.7
2007,68,Kent,77.0,28.0,105,1.19
2007,69,Killingly,80.0,37.0,117,1.33
2007,70,Killingworth,35.0,41.0,76,0.86
2007,71,Lebanon,49.0,20.0,69,0.78
2007,72,Ledyard,3.0,41.0,44,0.5
2007,73,Lisbon,1.0,12.0,13,0.15
2007,74,Litchfield,5.0,48.0,53,0.6
2007,75,Lyme,53.0,40.0,-93,1.06
2007,76,Madison,3.0,16.0,19,0.22
2007,77,Manchester,53.0,8.0,61,0.69
2007,78,Mansfield,92.0,40.0,132,1.5
2007,79,Marlborough,62.0,0.0,62,0.7
2007,80,Meriden,17.0,1.0,18,0.2
2007,81,Middlebury,89.0,47.0,136,1.55
2007,82,Middlefield,43.0,28.0,71,0.81
2007,83,Middletown,33.0,32.0,65,0.74
2007,84,Milford,73.0,9.0,82,0.93
2007,85,Monroe,61.0,49.0,110,1.25
2007,86,Montville,99.0,39.0,138,1.57
2007,87,Morris,13.0,20.0,33,0.37
2007,88,Naugatuck,94.0,27.0,121,1.37
2007,89,New Britain,47.0,10.0,57,6.5
2007,90,New Canaan,14.0,33.0,47,0.53
2007,91,New Fairfield,71.0,7.0,78,0.89
2007,92,New Hartford,77.0,21.0,98,1.11
2007,93,New Haven,86.0,7.0,93,1.06
2007,95,New London,61.0,48.0,-109,12.4
2007,96,New Milford,39.0,,53,0.6
2007,94,Newington,84.0,16.0,100,1.14
2007,97,Newtown,79.0,,101,1.15
2007,98,Norfolk,81.0,23.0,104,11.799999999999999
2007,99,North Branford,52.0,44.0,96,1.09
2007,100,North Canaan,23.0,18.0,41,0.47
2007,101,North Haven,25.0,4.0,29,0.33
2007,102,North Stonington,88.0,31.0,119,1.35
2007,103,Norwalk,59.0,43.0,102,1.16
2007,104,Norwich,40.0,0.0,40,0.45
2007,105,Old Lyme,28.0,22.0,50,0.57
2007,106,Old Saybrook,14.0,36.0,50,0.57
2007,107,Orange,44.0,7.0,51,0.58
2007,108,Oxford,64.0,,76,0.86
2007,109,Plainfield,88.0,7.0,95,1.08
2007,110,Plainville,70.0,22.0,92,1.05
2007,111,Plymouth,8.0,42.0,50,0.57
2007,112,Pomfret,87.0,0.0,87,0.99
2007,113,Portland,0.0,44.0,44,0.5
2007,114,Preston,7.0,23.0,30,0.34
2007,115,Prospect,87.0,34.0,121,1.37
2007,116,Putnam,62.0,23.0,85,0.97
2007,117,Redding,10.0,16.0,26,0.3
2007,118,Ridgefield,80.0,4.0,84,0.95
2007,119,Rocky Hill,7.0,19.0,26,0.3
2007,120,Roxbury,34.0,20.0,54,0.61
2007,121,Salem,34.0,39.0,73,0.83
2007,122,Salisbury,32.0,30.0,62,0.7
2007,123,Scotland,4.0,45.0,49,0.56
2007,124,Seymour,40.0,35.0,75,8.5
2007,125,Sharon,27.0,10.0,37,0.42
2007,126,Shelton,6.0,14.0,20,0.23
2007,127,Sherman,72.0,18.0,90,1.02
2007,128,Simsbury,71.0,6.0,77,0.87
2007,129,Somers,11.0,27.0,-38,0.43
2007,132,South Windsor,33.0,42.0,75,0.85
2007,130,Southbury,32.0,4.0,36,4.1
2007,131,Southington,47.0,4.0,51,0.58
2007,133,Sprague,,29.0,51,0.58
2007,134,Stafford,61.0,31.0,92,1.05
2007,135,Stamford,87.0,7.0,94,1.07
2007,136,Sterling,36.0,9.0,45,0.51
2007,137,Stonington,98.0,37.0,135,1.53
2007,138,Stratford,43.0,46.0,89,1.01
2007,139,Suffield,85.0,31.0,116,1.32
2007,140,Thomaston,90.0,47.0,137,1.56
2007,141,Thompson,34.0,27.0,61,0.69
2007,142,Tolland,64.0,16.0,80,0.91
2007,143,Torrington,98.0,30.0,128,1.45
2007,144,Trumbull,46.0,7.0,53,0.6
2007,145,Union,77.0,39.0,116,1.32
2007,146,Vernon,2.0,24.0,26,0.3
2007,147,Voluntown,0.0,8.0,8,0.09
2007,148,Wallingford,4.0,1.0,5,0.06
2007,149,Warren,89.0,14.0,103,1.17
2007,150,Washington,13.0,49.0,62,7.0
2007,151,Waterbury,26.0,2.0,28,0.32
2007,152,Waterford,8.0,48.0,56,0.64
2007,153,Watertown,78.0,35.0,113,1.28
2007,155,West Hartford,14.0,3.0,17,0.19
2007,156,West Haven,89.0,13.0,102,1.16
2007,154,Westbrook,41.0,40.0,81,0.92
2007,157,Weston,76.0,40.0,116,1.32
2007,158,Westport,50.0,24.0,74,0.84
2007,159,Wethersfield,62.0,49.0,111,1.26
2007,160,Willington,95.0,9.0,104,1.18
2007,161,Wilton,51.0,20.0,71,0.81
2007,162,Winchester,95.0,35.0,130,1.48
2007,163,Windham,3.0,11.0,14,0.16
2007,164,Windsor,93.0,26.0,119,1.35
2007,165,Windsor Locks,22.0,39.0,61,0.69
2007,166,Wolcott,14.0,1.0,15,0.17
2007,167,Woodbridge,42.0,12.0,54,0.61
2007,168,Woodbury,28.0,31.0,59,0.67
2007,169,Woodstock,35.0,30.0,65,0.74
2008,1,Andover,12.0,15.0,27,0.31
2008,2,Ansonia,31.0,31.0,62,0.7
2008,3,Ashford,70.0,31.0,101,1.15
2008,4,Avon,58.0,33.0,91,1.03
2008,5,Barkhamsted,85.0,,95,1.08
2008,6,Beacon Falls,27.0,9.0,36,0.41
2008,7,Berlin,65.0,14.0,79,0.9
2008,8,Bethany,41.0,16.0,-57,0.65
2008,9,Bethel,44.0,39.0,83,0.94
2008,10,Bethlehem,61.0,17.0,78,0.89
2008,11,Bloomfield,56.0,8.0,64,0.73
2008,12,Bolton,5.0,24.0,29,0.33
2008,13,Bozrah,27.0,39.0,66,0.75
2008,14,Branford,27.0,13.0,40,0.45
2008,15,Bridgeport,43.0,24.0,-67,0.76
2008,16,Bridgewater,83.0,49.0,-132,1.5
2008,17,Bristol,29.0,21.0,50,0.57
2008,18,Brookfield,61.0,29.0,90,1.02
2008,19,Brooklyn,74.0,19.0,93,1.06
2008,20,Burlington,91.0,20.0,111,1.26
2008,21,Canaan,88.0,43.0,131,1.49
2008,22,Canterbury,61.0,31.0,92,1.05
2008,23,Canton,96.0,45.0,141,1.6
2008,24,Chaplin,0.0,48.0,48,0.55
2008,25,Cheshire,26.0,20.0,46,0.52
2008,26,Chester,61.0,34.0,95,1.08
2008,27,Clinton,76.0,31.0,107,1.22
2008,28,Colchester,2.0,29.0,31,0.35
2008,29,Colebrook,69.0,38.0,107,1.22
2008,30,Columbia,71.0,48.0,119,1.35
2008,31,Cornwall,26.0,11.0,37,0.42
2008,32,Coventry,8.0,40.0,48,0.55
2008,33,Cromwell,,46.0,107,1.22
2008,34,Danbury,36.0,17.0,53,0.6
2008,35,Darien,96.0,20.0,116,1.32
2008,36,Deep River,50.0,12.0,62,0.7
2008,37,Derby,43.0,20.0,63,0.72
2008,38,Durham,23.0,7.0,30,0.34
2008,40,East Granby,78.0,45.0,123,1.4
2008,41,East Haddam,58.0,39.0,97,1.1
2008,42,East Hampton,31.0,45.0,76,0.86
2008,43,East Hartford,95.0,6.0,101,1.15
2008,44,East Haven,87.0,22.0,109,1.24
2008,45,East Lyme,51.0,43.0,94,1.07
2008,47,East Windsor,61.0,31.0,92,1.05
2008,39,Eastford,57.0,10.0,67,0.76
2008,46,Easton,51.0,21.0,72,0.82
2008,48,Ellington,11.0,21.0,32,0.36
2008,49,Enfield,38.0,42.0,80,0.91
2008,50,Essex,1.0,24.0,25,0.28
2008,51,Fairfield,2.0,,23,0.26
2008,52,Farmington,55.0,27.0,82,0.93
2008,53,Franklin,80.0,28.0,108,1.23
2008,54,Glastonbury,58.0,12.0,70,0.8
2008,55,Goshen,1.0,17.0,18,0.2
2008,56,Granby,1.0,1.0,2,0.02
2008,57,Greenwich,91.0,28.0,119,1.35
2008,58,Griswold,53.0,20.0,73,0.83
2008,59,Groton,86.0,14.0,100,1.14
2008,60,Guilford,95.0,26.0,121,1.37
2008,61,Haddam,96.0,49.0,-145,1.65
2008,62,Hamden,0.0,30.0,30,0.34
2008,63,Hampton,18.0,14.0,32,0.36
2008,64,Hartford,1.0,22.0,23,0.26
2008,65,Hartland,52.0,23.0,75,0.85
2008,66,Harwinton,,43.0,86,0.98
2008,67,Hebron,89.0,12.0,101,1.15
2008,68,Kent,31.0,21.0,52,0.59
2008,69,Killingly,69.0,42.0,111,1.26
2008,70,Killingworth,31.0,36.0,67,0.76
2008,71,Lebanon,67.0,32.0,99,1.12
2008,72,Ledyard,54.0,2.0,56,0.64
2008,73,Lisbon,74.0,18.0,92,1.05
2008,74,Litchfield,55.0,22.0,77,0.87
2008,75,Lyme,16.0,28.0,44,0.5
2008,76,Madison,37.0,29.0,66,0.75
2008,77,Manchester,23.0,38.0,61,0.69
2008,78,Mansfield,68.0,43.0,111,1.26
2008,79,Marlborough,97.0,46.0,143,1.62
2008,80,Meriden,69.0,24.0,93,1.06
2008,81,Middlebury,85.0,36.0,121,1.37
2008,82,Middlefield,10.0,46.0,56,0.64
2008,83,Middletown,15.0,7.0,22,0.25
2008,84,Milford,96.0,41.0,137,1.56
2008,85,Monroe,72.0,15.0,87,0.99
2008,86,Montville,58.0,7.0,65,7.4
2008,87,Morris,69.0,0.0,69,0.78
2008,88,Naugatuck,79.0,43.0,122,1.39
2008,89,New Britain,92.0,4.0,96,1.09
2008,90,New Canaan,2.0,2.0,4,0.05
2008,91,New Fairfield,19.0,0.0,19,0.22
2008,92,New Hartford,58.0,3.0,61,0.69
2008,93,New Haven,35.0,39.0,74,0.84
2008,95,New London,18.0,,52,0.59
2008,96,New Milford,,31.0,120,1.36
2008,94,Newington,66.0,41.0,107,1.22
2008,97,Newtown,18.0,33.0,51,0.58
2008,98,Norfolk,19.0,42.0,61,0.69
2008,99,North Branford,95.0,24.0,119,1.35
2008,100,North Canaan,70.0,9.0,79,0.9
2008,101,North Haven,51.0,20.0,71,0.81
2008,102,North Stonington,32.0,45.0,77,0.87
2008,103,Norwalk,39.0,38.0,77,0.87
2008,104,Norwich,38.0,26.0,64,0.73
2008,105,Old Lyme,81.0,26.0,107,1.22
2008,106,Old Saybrook,0.0,1.0,1,0.01
2008,107,Orange,10.0,40.0,50,0.57
2008,108,Oxford,91.0,47.0,138,1.57
2008,109,Plainfield,56.0,12.0,68,0.77
2008,110,Plainville,88.0,8.0,96,1.09
2008,111,Plymouth,49.0,35.0,84,0.95
2008,112,Pomfret,22.0,21.0,43,0.49
2008,113,Portland,30.0,41.0,71,0.81
2008,114,Preston,93.0,25.0,-118,1.34
2008,115,Prospect,41.0,11.0,52,0.59
2008,116,Putnam,98.0,16.0,114,1.3
2008,117,Redding,6.0,13.0,19,0.22
2008,118,Ridgefield,15.0,13.0,-28,0.32
2008,119,Rocky Hill,89.0,33.0,122,1.39
2008,120,Roxbury,59.0,19.0,78,0.89
2008,121,Salem,,10.0,11,0.12
2008,122,Salisbury,0.0,15.0,15,0.17
2008,123,Scotland,47.0,30.0,77,0.87
2008,124,Seymour,11.0,5.0,16,0.18
2008,125,Sharon,68.0,18.0,86,0.98
2008,126,Shelton,36.0,36.0,72,0.82
2008,127,Sherman,31.0,3.0,34,0.39
2008,128,Simsbury,8.0,46.0,54,0.61
2008,129,Somers,98.0,3.0,101,1.15
2008,132,South Windsor,18.0,19.0,37,0.42
2008,130,Southbury,47.0,9.0,56,0.64
2008,131,Southington,79.0,23.0,102,1.16
2008,133,Sprague,2.0,34.0,36,0.41
2008,134,Stafford,19.0,25.0,44,0.5
2008,135,Stamford,23.0,36.0,59,0.67
2008,136,Sterling,53.0,37.0,-90,10.2
2008,137,Stonington,32.0,20.0,52,0.59
2008,138,Stratford,23.0,39.0,62,0.7
2008,139,Suffield,74.0,38.0,112,1.27
2008,140,Thomaston,71.0,20.0,91,1.03
2008,141,Thompson,35.0,9.0,44,0.5
2008,142,Tolland,37.0,37.0,74,0.84
2008,143,Torrington,83.0,,128,1.45
2008,144,Trumbull,98.0,3.0,101,1.15
2008,145,Union,88.0,44.0,132,1.5
2008,146,Vernon,98.0,19.0,117,1.33
2008,147,Voluntown,24.0,16.0,40,0.45
2008,148,Wallingford,92.0,6.0,98,1.11
2008,149,Warren,17.0,3.0,20,0.23
2008,150,Washington,,28.0,109,1.24
2008,151,Waterbury,,13.0,78,0.89
2008,152,Waterford,53.0,2.0,55,0.62
2008,153,Watertown,34.0,23.0,57,0.65
2008,155,West Hartford,79.0,36.0,115,1.31
2008,156,West Haven,60.0,15.0,75,0.85
2008,154,Westbrook,40.0,3.0,43,0.49
2008,157,Weston,99.0,23.0,122,1.39
2008,158,Westport,32.0,33.0,65,0.74
2008,159,Wethersfield,67.0,29.0,96,1.09
2008,160,Willington,32.0,17.0,49,0.56
2008,161,Wilton,13.0,18.0,31,0.35
2008,162,Winchester,20.0,30.0,50,0.57
2008,163,Windham,47.0,18.0,65,0.74
2008,164,Windsor,19.0,48.0,67,0.76
2008,165,Windsor Locks,7.0,45.0,52,0.59
2008,166,Wolcott,6.0,18.0,24,0.27
2008,167,Woodbridge,66.0,21.0,87,0.99
2008,168,Woodbury,16.0,23.0,39,0.44
2008,169,Woodstock,32.0,44.0,76,0.86
2009,1,Andover,47.0,11.0,58,0.66
2009,2,Ansonia,75.0,29.0,104,1.18
2009,3,Ashford,58.0,37.0,95,1.08
2009,4,Avon,85.0,30.0,115,1.31
2009,5,Barkhamsted,21.0,35.0,56,0.64
2009,6,Beacon Falls,29.0,18.0,47,0.53
2009,7,Berlin,37.0,47.0,84,0.95
2009,8,Bethany,50.0,44.0,94,1.07
2009,9,Bethel,53.0,35.0,88,1.0
2009,10,Bethlehem,7.0,29.0,36,0.41
2009,11,Bloomfield,26.0,48.0,74,0.84
2009,12,Bolton,26.0,32.0,58,0.66
2009,13,Bozrah,97.0,17.0,114,1.3
2009,14,Branford,20.0,48.0,68,0.77
2009,15,Bridgeport,29.0,27.0,56,0.64
2009,16,Bridgewater,96.0,46.0,142,1.61
2009,17,Bristol,27.0,10.0,37,0.42
2009,18,Brookfield,63.0,44.0,107,1.22
2009,19,Brooklyn,96.0,32.0,128,1.45
2009,20,Burlington,68.0,16.0,84,0.95
2009,21,Canaan,60.0,5.0,65,0.74
2009,22,Canterbury,47.0,,50,0.57
2009,23,Canton,,19.0,37,0.42
2009,24,Chaplin,3.0,47.0,50,0.57
2009,25,Cheshire,34.0,46.0,80,0.91
2009,26,Chester,63.0,26.0,89,1.01
2009,27,Clinton,,14.0,62,0.7
2009,28,Colchester,16.0,5.0,21,0.24
2009,29,Colebrook,43.0,46.0,89,1.01
2009,30,Columbia,91.0,13.0,104,1.18
2009,31,Cornwall,29.0,10.0,39,0.44
2009,32,Coventry,92.0,38.0,130,1.48
2009,33,Cromwell,45.0,8.0,53,0.6
2009,34,Danbury,5.0,25.0,30,0.34
2009,35,Darien,98.0,15.0,113,1.28
2009,36,Deep River,36.0,4.0,40,0.45
2009,37,Derby,23.0,9.0,32,0.36
2009,38,Durham,92.0,49.0,141,1.6
2009,40,East Granby,45.0,2.0,47,0.53
2009,41,East Haddam,52.0,12.0,64,0.73
2009,42,East Hampton,94.0,42.0,136,1.55
2009,43,East Hartford,98.0,48.0,146,1.66
2009,44,East Haven,59.0,29.0,88,1.0
2009,45,East Lyme,96.0,44.0,140,1.59
2009,47,East Windsor,62.0,5.0,67,0.76
2009,39,Eastford,84.0,16.0,100,1.14
2009,46,Easton,31.0,44.0,75,0.85
2009,48,Ellington,86.0,18.0,-104,1.18
2009,49,Enfield,32.0,41.0,73,0.83
2009,50,Essex,66.0,34.0,100,1.14
2009,51,Fairfield,17.0,45.0,62,0.7
2009,52,Farmington,24.0,25.0,49,0.56
2009,53,Franklin,94.0,4.0,98,1.11
2009,54,Glastonbury,53.0,28.0,81,0.92
2009,55,Goshen,57.0,36.0,93,1.06
2009,56,Granby,66.0,19.0,85,0.97
2009,57,Greenwich,,48.0,93,1.06
2009,58,Griswold,23.0,20.0,43,0.49
2009,59,Groton,31.0,9.0,40,0.45
2009,60,Guilford,46.0,4.0,50,0.57
2009,61,Haddam,85.0,35.0,120,1.36
2009,62,Hamden,22.0,5.0,27,0.31
2009,63,Hampton,65.0,25.0,90,1.02
2009,64,Hartford,26.0,3.0,29,0.33
2009,65,Hartland,1.0,38.0,39,0.44
2009,66,Harwinton,89.0,38.0,-127,1.44
2009,67,Hebron,16.0,49.0,65,0.74
2009,68,Kent,32.0,34.0,-66,0.75
2009,69,Killingly,8.0,0.0,8,0.09
2009,70,Killingworth,42.0,23.0,65,0.74
2009,71,Lebanon,47.0,35.0,82,0.93
2009,72,Ledyard,38.0,5.0,43,0.49
2009,73,Lisbon,92.0,40.0,132,1.5
2009,74,Litchfield,41.0,45.0,86,0.98
2009,75,Lyme,25.0,43.0,68,0.77
2009,76,Madison,98.0,30.0,128,1.45
2009,77,Manchester,49.0,19.0,68,0.77
2009,78,Mansfield,24.0,23.0,47,0.53
2009,79,Marlborough,23.0,24.0,47,0.53
2009,80,Meriden,12.0,35.0,47,0.53
2009,81,Middlebury,59.0,20.0,79,0.9
2009,82,Middlefield,6.0,29.0,35,0.4
2009,83,Middletown,56.0,23.0,79,0.9
2009,84,Milford,35.0,43.0,78,0.89
2009,85,Monroe,44.0,41.0,85,0.97
2009,86,Montville,19.0,29.0,48,0.55
2009,87,Morris,64.0,21.0,85,9.7
2009,88,Naugatuck,7.0,27.0,-34,0.39
2009,89,New Britain,15.0,,21,0.24
2009,90,New Canaan,13.0,34.0,47,0.53
2009,91,New Fairfield,75.0,27.0,102,1.16
2009,92,New Hartford,86.0,13.0,99,1.12
2009,93,New Haven,14.0,9.0,23,0.26
2009,95,New London,91.0,15.0,106,1.2
2009,96,New Milford,97.0,15.0,-112,1.27
2009,94,Newington,65.0,30.0,95,1.08
2009,97,Newtown,31.0,41.0,72,0.82
2009,98,Norfolk,86.0,24.0,110,1.25
2009,99,North Branford,,12.0,74,0.84
2009,100,North Canaan,85.0,5.0,90,1.02
2009,101,North Haven,50.0,43.0,93,1.06
2009,102,North Stonington,24.0,8.0,32,0.36
2009,103,Norwalk,57.0,44.0,101,1.15
2009,104,Norwich,62.0,35.0,97,1.1
2009,105,Old Lyme,61.0,42.0,103,1.17
2009,106,Old Saybrook,21.0,19.0,40,0.45
2009,107,Orange,57.0,17.0,74,0.84
2009,108,Oxford,57.0,42.0,99,1.12
2009,109,Plainfield,85.0,20.0,105,1.19
2009,110,Plainville,48.0,3.0,51,5.8
2009,111,Plymouth,51.0,49.0,100,1.14
2009,112,Pomfret,41.0,32.0,73,0.83
2009,113,Portland,69.0,26.0,95,1.08
2009,114,Preston,14.0,6.0,20,0.23
2009,115,Prospect,53.0,5.0,58,0.66
2009,116,Putnam,,14.0,73,0.83
2009,117,Redding,96.0,17.0,113,1.28
2009,118,Ridgefield,7.0,31.0,38,0.43
2009,119,Rocky Hill,52.0,10.0,62,0.7
2009,120,Roxbury,59.0,19.0,78,0.89
2009,121,Salem,4.0,,27,0.31
2009,122,Salisbury,67.0,14.0,81,0.92
2009,123,Scotland,5.0,47.0,52,0.59
2009,124,Seymour,,6.0,101,1.15
2009,125,Sharon,93.0,20.0,113,1.28
2009,126,Shelton,46.0,41.0,87,0.99
2009,127,Sherman,98.0,25.0,123,1.4
2009,128,Simsbury,,43.0,97,1.1
2009,129,Somers,39.0,13.0,52,0.59
2009,132,South Windsor,51.0,36.0,87,0.99
2009,130,Southbury,15.0,20.0,35,0.4
2009,131,Southington,12.0,17.0,29,0.33
2009,133,Sprague,29.0,4.0,33,0.37
2009,134,Stafford,18.0,2.0,20,0.23
2009,135,Stamford,,22.0,38,0.43
2009,136,Sterling,62.0,25.0,87,0.99
2009,137,Stonington,18.0,36.0,54,0.61
2009,138,Stratford,91.0,23.0,114,1.3
2009,139,Suffield,57.0,48.0,105,1.19
2009,140,Thomaston,54.0,,72,0.82
2009,141,Thompson,89.0,24.0,113,1.28
2009,142,Tolland,89.0,20.0,109,1.24
2009,143,Torrington,61.0,11.0,72,0.82
2009,144,Trumbull,22.0,40.0,62,0.7
2009,145,Union,8.0,32.0,40,0.45
2009,146,Vernon,11.0,49.0,60,0.68
2009,147,Voluntown,0.0,3.0,3,0.03
2009,148,Wallingford,57.0,41.0,98,1.11
2009,149,Warren,0.0,6.0,6,0.07
2009,150,Washington,,21.0,54,0.61
2009,151,Waterbury,95.0,32.0,127,1.44
2009,152,Waterford,47.0,16.0,63,7.199999999999999
2009,153,Watertown,88.0,23.0,111,1.26
2009,155,West Hartford,0.0,33.0,33,0.37
2009,156,West Haven,15.0,27.0,42,0.48
2009,154,Westbrook,60.0,42.0,102,1.16
2009,157,Weston,63.0,40.0,103,1.17
2009,158,Westport,62.0,38.0,100,1.14
2009,159,Wethersfield,68.0,21.0,89,1.01
2009,160,Willington,21.0,48.0,69,0.78
2009,161,Wilton,92.0,16.0,-108,1.23
2009,162,Winchester,66.0,33.0,99,1.12
2009,163,Windham,75.0,5.0,80,0.91
2009,164,Windsor,25.0,45.0,70,0.8
2009,165,Windsor Locks,15.0,5.0,20,0.23
2009,166,Wolcott,50.0,33.0,83,0.94
2009,167,Woodbridge,85.0,0.0,85,0.97
2009,168,Woodbury,56.0,9.0,65,0.74
2009,169,Woodstock,28.0,20.0,48,0.55
2010,1,Andover,77.0,4.0,81,0.92
2010,2,Ansonia,91.0,1.0,92,1.05
2010,3,Ashford,68.0,21.0,89,1.01
2010,4,Avon,46.0,47.0,93,1.06
2010,5,Barkhamsted,93.0,1.0,94,1.07
2010,6,Beacon Falls,61.0,9.0,70,0.8
2010,7,Berlin,68.0,33.0,101,1.15
2010,8,Bethany,75.0,15.0,-90,1.02
2010,9,Bethel,15.0,47.0,62,0.7
2010,10,Bethlehem,89.0,38.0,127,1.44
2010,11,Bloomfield,89.0,21.0,110,1.25
2010,12,Bolton,47.0,11.0,58,0.66
2010,13,Bozrah,84.0,23.0,107,1.22
2010,14,Branford,38.0,46.0,84,0.95
2010,15,Bridgeport,99.0,39.0,138,1.57
2010,16,Bridgewater,32.0,37.0,69,0.78
2010,17,Bristol,93.0,9.0,102,1.16
2010,18,Brookfield,22.0,34.0,56,0.64
2010,19,Brooklyn,9.0,,57,0.65
2010,20,Burlington,68.0,31.0,99,1.12
2010,21,Canaan,99.0,6.0,105,1.19
2010,22,Canterbury,33.0,,53,0.6
2010,23,Canton,51.0,19.0,70,0.8
2010,24,Chaplin,94.0,25.0,119,1.35
2010,25,Cheshire,9.0,3.0,12,0.14
2010,26,Chester,18.0,,63,0.72
2010,27,Clinton,57.0,21.0,78,0.89
2010,28,Colchester,95.0,14.0,109,1.24
2010,29,Colebrook,0.0,39.0,39,0.44
2010,30,Columbia,68.0,20.0,88,1.0
2010,31,Cornwall,3.0,14.0,17,0.19
2010,32,Coventry,15.0,21.0,36,0.41
2010,33,Cromwell,23.0,27.0,50,0.57
2010,34,Danbury,79.0,13.0,92,1.05
2010,35,Darien,1.0,26.0,27,0.31
2010,36,Deep River,91.0,,131,1.49
2010,37,Derby,31.0,39.0,70,0.8
2010,38,Durham,,27.0,117,1.33
2010,40,East Granby,83.0,25.0,108,1.23
2010,41,East Haddam,23.0,48.0,71,0.81
2010,42,East Hampton,11.0,1.0,12,0.14
2010,43,East Hartford,49.0,24.0,73,0.83
2010,44,East Haven,34.0,2.0,36,0.41
2010,45,East Lyme,32.0,7.0,39,0.44
2010,47,East Windsor,32.0,43.0,75,0.85
2010,39,Eastford,60.0,32.0,92,1.05
2010,46,Easton,50.0,41.0,91,1.03
2010,48,Ellington,42.0,34.0,76,0.86
2010,49,Enfield,11.0,5.0,16,0.18
2010,50,Essex,66.0,38.0,104,1.18
2010,51,Fairfield,64.0,22.0,86,0.98
2010,52,Farmington,32.0,24.0,56,0.64
2010,53,Franklin,39.0,49.0,88,1.0
2010,54,Glastonbury,73.0,42.0,115,1.31
2010,55,Goshen,42.0,18.0,60,0.68
2010,56,Granby,43.0,4.0,47,0.53
2010,57,Greenwich,28.0,10.0,38,0.43
2010,58,Griswold,12.0,11.0,23,0.26
2010,59,Groton,11.0,9.0,20,0.23
2010,60,Guilford,94.0,7.0,101,1.15
2010,61,Haddam,45.0,23.0,68,0.77
2010,62,Hamden,1.0,27.0,28,0.32
2010,63,Hampton,34.0,40.0,74,0.84
2010,64,Hartford,86.0,35.0,121,1.37
2010,65,Hartland,80.0,36.0,116,1.32
2010,66,Harwinton,89.0,20.0,109,1.24
2010,67,Hebron,7.0,7.0,14,0.16
2010,68,Kent,92.0,,100,1.14
2010,69,Killingly,25.0,46.0,71,0.81
2010,70,Killingworth,73.0,14.0,87,0.99
2010,71,Lebanon,89.0,47.0,136,1.55
2010,72,Ledyard,33.0,45.0,78,0.89
2010,73,Lisbon,6.0,39.0,45,0.51
2010,74,Litchfield,67.0,17.0,84,0.95
2010,75,Lyme,57.0,41.0,98,1.11
2010,76,Madison,74.0,19.0,93,1.06
2010,77,Manchester,28.0,5.0,33,0.37
2010,78,Mansfield,35.0,11.0,46,0.52
2010,79,Marlborough,88.0,1.0,89,1.01
2010,80,Meriden,20.0,6.0,26,0.3
2010,81,Middlebury,35.0,15.0,50,0.57
2010,82,Middlefield,9.0,2.0,11,0.12
2010,83,Middletown,72.0,44.0,116,1.32
2010,84,Milford,23.0,2.0,25,0.28
2010,85,Monroe,63.0,26.0,89,1.01
2010,86,Montville,98.0,49.0,147,1.67
2010,87,Morris,48.0,42.0,90,1.02
2010,88,Naugatuck,98.0,39.0,137,1.56
2010,89,New Britain,35.0,37.0,72,0.82
2010,90,New Canaan,81.0,32.0,113,1.28
2010,91,New Fairfield,95.0,27.0,122,1.39
2010,92,New Hartford,23.0,0.0,23,0.26
2010,93,New Haven,22.0,7.0,29,0.33
2010,95,New London,61.0,36.0,97,1.1
2010,96,New Milford,95.0,31.0,126,1.43
2010,94,Newington,36.0,47.0,83,0.94
2010,97,Newtown,11.0,42.0,53,0.6
2010,98,Norfolk,54.0,36.0,90,1.02
2010,99,North Branford,12.0,3.0,15,0.17
2010,100,North Canaan,22.0,29.0,51,0.58
2010,101,North Haven,88.0,5.0,93,1.06
2010,102,North Stonington,98.0,45.0,143,1.62
2010,103,Norwalk,29.0,18.0,47,0.53
2010,104,Norwich,16.0,31.0,47,0.53
2010,105,Old Lyme,61.0,8.0,69,0.78
2010,106,Old Saybrook,83.0,11.0,94,1.07
2010,107,Orange,88.0,10.0,98,1.11
2010,108,Oxford,85.0,45.0,130,1.48
2010,109,Plainfield,12.0,15.0,27,0.31
2010,110,Plainville,58.0,0.0,58,0.66
2010,111,Plymouth,18.0,44.0,62,0.7
2010,112,Pomfret,48.0,20.0,68,0.77
2010,113,Portland,99.0,,128,1.45
2010,114,Preston,11.0,12.0,23,0.26
2010,115,Prospect,60.0,33.0,93,1.06
2010,116,Putnam,18.0,3.0,21,0.24
2010,117,Redding,,27.0,102,1.16
2010,118,Ridgefield,8.0,37.0,45,0.51
2010,119,Rocky Hill,70.0,30.0,100,1.14
2010,120,Roxbury,27.0,26.0,53,0.6
2010,121,Salem,77.0,4.0,81,0.92
2010,122,Salisbury,94.0,24.0,118,1.34
2010,123,Scotland,51.0,2.0,53,0.6
2010,124,Seymour,82.0,32.0,114,1.3
2010,125,Sharon,15.0,3.0,18,0.2
2010,126,Shelton,,24.0,92,1.05
2010,127,Sherman,98.0,19.0,117,1.33
2010,128,Simsbury,11.0,33.0,44,0.5
2010,129,Somers,24.0,,49,0.56
2010,132,South Windsor,51.0,4.0,55,0.62
2010,130,Southbury,84.0,34.0,118,1.34
2010,131,Southington,99.0,27.0,126,1.43
2010,133,Sprague,52.0,28.0,80,0.91
2010,134,Stafford,22.0,8.0,30,0.34
2010,135,Stamford,,37.0,52,0.59
2010,136,Sterling,56.0,,105,1.19
2010,137,Stonington,38.0,5.0,43,0.49
2010,138,Stratford,,18.0,70,0.8
2010,139,Suffield,41.0,43.0,84,0.95
2010,140,Thomaston,,10.0,67,0.76
2010,141,Thompson,,1.0,39,0.44
2010,142,Tolland,13.0,46.0,59,0.67
2010,143,Torrington,94.0,43.0,137,1.56
2010,144,Trumbull,4.0,43.0,47,0.53
2010,145,Union,34.0,,42,0.48
2010,146,Vernon,86.0,20.0,106,1.2
2010,147,Voluntown,92.0,23.0,115,1.31
2010,148,Wallingford,74.0,33.0,107,12.2
2010,149,Warren,17.0,21.0,38,0.43
2010,150,Washington,75.0,2.0,77,0.87
2010,151,Waterbury,8.0,11.0,19,0.22
2010,152,Waterford,73.0,27.0,100,1.14
2010,153,Watertown,57.0,29.0,86,0.98
2010,155,West Hartford,16.0,25.0,41,0.47
2010,156,West Haven,6.0,47.0,53,0.6
2010,154,Westbrook,45.0,20.0,65,0.74
2010,157,Weston,12.0,27.0,39,0.44
2010,158,Westport,39.0,25.0,64,0.73
2010,159,Wethersfield,41.0,32.0,73,0.83
2010,160,Willington,8.0,20.0,28,0.32
2010,161,Wilton,49.0,34.0,83,0.94
2010,162,Winchester,26.0,33.0,59,0.67
2010,163,Windham,65.0,40.0,105,1.19
2010,164,Windsor,,46.0,50,0.57
2010,165,Windsor Locks,28.0,17.0,45,0.51
2010,166,Wolcott,36.0,10.0,46,0.52
2010,167,Woodbridge,37.0,22.0,59,0.67
2010,168,Woodbury,82.0,47.0,129,1.47
2010,169,Woodstock,,21.0,28,0.32
2011,1,Andover,64.0,16.0,80,0.91
2011,2,Ansonia,85.0,4.0,89,1.01
2011,3,Ashford,16.0,43.0,59,0.67
2011,4,Avon,70.0,10.0,80,0.91
2011,5,Barkhamsted,88.0,29.0,117,1.33
2011,6,Beacon Falls,44.0,14.0,58,0.66
2011,7,Berlin,3.0,26.0,29,0.33
2011,8,Bethany,35.0,34.0,69,0.78
2011,9,Bethel,69.0,32.0,101,1.15
2011,10,Bethlehem,30.0,19.0,49,0.56
2011,11,Bloomfield,18.0,15.0,33,0.37
2011,12,Bolton,60.0,33.0,93,1.06
2011,13,Bozrah,53.0,1.0,54,0.61
2011,14,Branford,38.0,34.0,72,0.82
2011,15,Bridgeport,90.0,39.0,129,1.47
2011,16,Bridgewater,73.0,27.0,100,1.14
2011,17,Bristol,89.0,46.0,135,1.53
2011,18,Brookfield,18.0,38.0,56,0.64
2011,19,Brooklyn,38.0,5.0,43,0.49
2011,20,Burlington,66.0,8.0,74,0.84
2011,21,Canaan,44.0,19.0,63,0.72
2011,22,Canterbury,12.0,,12,0.14
2011,23,Canton,91.0,7.0,98,1.11
2011,24,Chaplin,,22.0,79,0.9
2011,25,Cheshire,19.0,2.0,21,0.24
2011,26,Chester,91.0,3.0,94,1.07
2011,27,Clinton,71.0,24.0,95,1.08
2011,28,Colchester,60.0,46.0,106,1.2
2011,29,Colebrook,38.0,37.0,75,0.85
2011,30,Columbia,0.0,14.0,14,0.16
2011,31,Cornwall,2.0,20.0,22,0.25
2011,32,Coventry,76.0,34.0,110,1.25
2011,33,Cromwell,91.0,45.0,136,1.55
2011,34,Danbury,61.0,13.0,74,0.84
2011,35,Darien,62.0,35.0,97,1.1
2011,36,Deep River,24.0,11.0,35,0.4
2011,37,Derby,55.0,16.0,71,0.81
2011,38,Durham,32.0,38.0,70,0.8
2011,40,East Granby,37.0,8.0,45,0.51
2011,41,East Haddam,5.0,34.0,39,0.44
2011,42,East Hampton,57.0,12.0,69,0.78
2011,43,East Hartford,43.0,14.0,57,0.65
2011,44,East Haven,44.0,17.0,61,0.69
2011,45,East Lyme,31.0,32.0,63,0.72
2011,47,East Windsor,44.0,,49,0.56
2011,39,Eastford,60.0,26.0,86,0.98
2011,46,Easton,46.0,22.0,68,0.77
2011,48,Ellington,20.0,26.0,46,0.52
2011,49,Enfield,79.0,33.0,112,1.27
2011,50,Essex,84.0,45.0,129,1.47
2011,51,Fairfield,74.0,37.0,111,1.26
2011,52,Farmington,35.0,13.0,48,0.55
2011,53,Franklin,98.0,35.0,133,1.51
2011,54,Glastonbury,18.0,7.0,25,0.28
2011,55,Goshen,19.0,34.0,53,0.6
2011,56,Granby,56.0,18.0,74,0.84
2011,57,Greenwich,17.0,29.0,46,0.52
2011,58,Griswold,46.0,13.0,59,0.67
2011,59,Groton,48.0,19.0,67,0.76
2011,60,Guilford,13.0,,61,0.69
2011,61,Haddam,14.0,24.0,38,0.43
2011,62,Hamden,30.0,39.0,69,0.78
2011,63,Hampton,0.0,23.0,23,0.26
2011,64,Hartford,53.0,13.0,66,0.75
2011,65,Hartland,2.0,25.0,27,0.31
2011,66,Harwinton,15.0,37.0,52,5.8999999999999995
2011,67,Hebron,86.0,22.0,108,1.23
2011,68,Kent,56.0,21.0,77,0.87
2011,69,Killingly,74.0,47.0,121,1.37
2011,70,Killingworth,11.0,18.0,29,0.33
2011,71,Lebanon,73.0,45.0,118,1.34
2011,72,Ledyard,95.0,2.0,97,1.1
2011,73,Lisbon,15.0,41.0,56,0.64
2011,74,Litchfield,71.0,18.0,89,1.01
2011,75,Lyme,75.0,8.0,83,0.94
2011,76,Madison,23.0,27.0,50,0.57
2011,77,Manchester,27.0,19.0,46,0.52
2011,78,Mansfield,7.0,44.0,51,0.58
2011,79,Marlborough,91.0,6.0,97,1.1
2011,80,Meriden,35.0,13.0,48,0.55
2011,81,Middlebury,89.0,8.0,97,1.1
2011,82,Middlefield,7.0,18.0,25,0.28
2011,83,Middletown,57.0,46.0,103,1.17
2011,84,Milford,59.0,13.0,72,0.82
2011,85,Monroe,49.0,37.0,86,0.98
2011,86,Montville,27.0,35.0,62,0.7
2011,87,Morris,91.0,39.0,130,1.48
2011,88,Naugatuck,40.0,16.0,56,0.64
2011,89,New Britain,99.0,29.0,128,1.45
2011,90,New Canaan,63.0,8.0,71,0.81
2011,91,New Fairfield,26.0,32.0,58,0.66
2011,92,New Hartford,62.0,24.0,86,0.98
2011,93,New Haven,16.0,13.0,29,0.33
2011,95,New London,72.0,10.0,82,0.93
2011,96,New Milford,32.0,34.0,66,0.75
2011,94,Newington,83.0,40.0,123,1.4
2011,97,Newtown,76.0,13.0,-89,1.01
2011,98,Norfolk,91.0,29.0,120,1.36
2011,99,North Branford,28.0,40.0,68,0.77
2011,100,North Canaan,,3.0,15,0.17
2011,101,North Haven,45.0,3.0,48,0.55
2011,102,North Stonington,34.0,27.0,61,0.69
2011,103,Norwalk,5.0,7.0,12,0.14
2011,104,Norwich,81.0,1.0,82,0.93
2011,105,Old Lyme,68.0,40.0,108,1.23
2011,106,Old Saybrook,46.0,45.0,91,1.03
2011,107,Orange,24.0,21.0,45,0.51
2011,108,Oxford,65.0,40.0,105,1.19
2011,109,Plainfield,9.0,15.0,24,0.27
2011,110,Plainville,55.0,28.0,83,0.94
2011,111,Plymouth,29.0,48.0,77,0.87
2011,112,Pomfret,4.0,47.0,51,0.58
2011,113,Portland,32.0,29.0,61,0.69
2011,114,Preston,64.0,11.0,75,0.85
2011,115,Prospect,17.0,34.0,51,0.58
2011,116,Putnam,95.0,,-105,1.19
2011,117,Redding,48.0,45.0,93,1.06
2011,118,Ridgefield,10.0,49.0,59,0.67
2011,119,Rocky Hill,84.0,20.0,104,1.18
2011,120,Roxbury,25.0,20.0,45,0.51
2011,121,Salem,62.0,4.0,66,0.75
2011,122,Salisbury,88.0,47.0,135,1.53
2011,123,Scotland,85.0,19.0,104,1.18
2011,124,Seymour,58.0,36.0,94,1.07
2011,125,Sharon,,2.0,28,0.32
2011,126,Shelton,48.0,43.0,91,1.03
2011,127,Sherman,76.0,32.0,108,1.23
2011,128,Simsbury,32.0,8.0,40,0.45
2011,129,Somers,97.0,8.0,105,1.19
2011,132,South Windsor,98.0,3.0,101,1.15
2011,130,Southbury,0.0,34.0,34,0.39
2011,131,Southington,20.0,16.0,36,0.41
2011,133,Sprague,54.0,33.0,87,0.99
2011,134,Stafford,5.0,23.0,28,3.2
2011,135,Stamford,91.0,31.0,122,1.39
2011,136,Sterling,,0.0,80,0.91
2011,137,Stonington,68.0,7.0,75,0.85
2011,138,Stratford,94.0,44.0,138,1.57
2011,139,Suffield,4.0,22.0,26,0.3
2011,140,Thomaston,2.0,46.0,48,0.55
2011,141,Thompson,52.0,39.0,91,1.03
2011,142,Tolland,22.0,11.0,33,0.37
2011,143,Torrington,52.0,11.0,63,0.72
2011,144,Trumbull,36.0,45.0,81,0.92
2011,145,Union,,46.0,119,1.35
2011,146,Vernon,73.0,14.0,87,0.99
2011,147,Voluntown,82.0,40.0,122,1.39
2011,148,Wallingford,,18.0,34,0.39
2011,149,Warren,84.0,25.0,109,1.24
2011,150,Washington,77.0,28.0,105,1.19
2011,151,Waterbury,72.0,21.0,93,1.06
2011,152,Waterford,0.0,39.0,39,0.44
2011,153,Watertown,50.0,20.0,70,0.8
2011,155,West Hartford,44.0,37.0,81,0.92
2011,156,West Haven,76.0,19.0,95,1.08
2011,154,Westbrook,3.0,28.0,31,0.35
2011,157,Weston,,3.0,64,0.73
2011,158,Westport,64.0,6.0,70,0.8
2011,159,Wethersfield,31.0,27.0,58,0.66
2011,160,Willington,33.0,27.0,60,0.68
2011,161,Wilton,91.0,3.0,94,1.07
2011,162,Winchester,94.0,21.0,115,1.31
2011,163,Windham,71.0,11.0,82,0.93
2011,164,Windsor,38.0,44.0,82,0.93
2011,165,Windsor Locks,25.0,2.0,27,0.31
2011,166,Wolcott,33.0,21.0,54,0.61
2011,167,Woodbridge,53.0,43.0,96,1.09
2011,168,Woodbury,2.0,1.0,3,0.03
2011,169,Woodstock,49.0,23.0,72,0.82
2012,1,Andover,11.0,33.0,44,0.5
2012,2,Ansonia,64.0,26.0,90,1.02
2012,3,Ashford,53.0,40.0,93,1.06
2012,4,Avon,4.0,0.0,4,0.05
2012,5,Barkhamsted,93.0,7.0,100,1.14
2012,6,Beacon Falls,93.0,22.0,115,1.31
2012,7,Berlin,56.0,37.0,93,1.06
2012,8,Bethany,16.0,5.0,21,0.24
2012,9,Bethel,46.0,21.0,67,0.76
2012,10,Bethlehem,22.0,24.0,46,0.52
2012,11,Bloomfield,78.0,17.0,95,1.08
2012,12,Bolton,84.0,16.0,100,1.14
2012,13,Bozrah,13.0,11.0,24,0.27
2012,14,Branford,65.0,5.0,70,0.8
2012,15,Bridgeport,74.0,25.0,99,1.12
2012,16,Bridgewater,50.0,26.0,76,0.86
2012,17,Bristol,37.0,7.0,44,0.5
2012,18,Brookfield,,18.0,81,0.92
2012,19,Brooklyn,97.0,41.0,138,1.57
2012,20,Burlington,37.0,0.0,37,0.42
2012,21,Canaan,49.0,28.0,77,0.87
2012,22,Canterbury,97.0,44.0,141,1.6
2012,23,Canton,81.0,48.0,129,1.47
2012,24,Chaplin,29.0,34.0,63,0.72
2012,25,Cheshire,78.0,39.0,117,1.33
2012,26,Chester,90.0,13.0,103,1.17
2012,27,Clinton,50.0,34.0,84,0.95
2012,28,Colchester,62.0,47.0,109,1.24
2012,29,Colebrook,97.0,44.0,141,1.6
2012,30,Columbia,51.0,19.0,70,0.8
2012,31,Cornwall,37.0,48.0,85,0.97
2012,32,Coventry,96.0,12.0,108,1.23
2012,33,Cromwell,87.0,37.0,-124,1.41
2012,34,Danbury,78.0,48.0,126,1.43
2012,35,Darien,29.0,45.0,74,0.84
2012,36,Deep River,50.0,48.0,98,1.11
2012,37,Derby,80.0,7.0,87,0.99
2012,38,Durham,4.0,42.0,46,0.52
2012,40,East Granby,28.0,19.0,47,0.53
2012,41,East Haddam,3.0,32.0,35,4.0
2012,42,East Hampton,9.0,25.0,34,0.39
2012,43,East Hartford,55.0,38.0,93,1.06
2012,44,East Haven,16.0,20.0,36,0.41
2012,45,East Lyme,73.0,48.0,121,1.37
2012,47,East Windsor,16.0,41.0,57,0.65
2012,39,Eastford,83.0,42.0,125,1.42
2012,46,Easton,87.0,40.0,127,1.44
2012,48,Ellington,68.0,8.0,76,0.86
2012,49,Enfield,33.0,23.0,56,0.64
2012,50,Essex,5.0,36.0,41,0.47
2012,51,Fairfield,52.0,48.0,100,1.14
2012,52,Farmington,65.0,40.0,-105,1.19
2012,53,Franklin,76.0,16.0,92,1.05
2012,54,Glastonbury,42.0,23.0,65,0.74
2012,55,Goshen,74.0,20.0,94,1.07
2012,56,Granby,22.0,38.0,60,0.68
2012,57,Greenwich,54.0,40.0,94,1.07
2012,58,Griswold,79.0,38.0,117,1.33
2012,59,Groton,94.0,12.0,106,1.2
2012,60,Guilford,74.0,10.0,84,0.95
2012,61,Haddam,15.0,45.0,60,0.68
2012,62,Hamden,7.0,18.0,25,0.28
2012,63,Hampton,3.0,10.0,13,0.15
2012,64,Hartford,,12.0,15,0.17
2012,65,Hartland,55.0,45.0,100,1.14
2012,66,Harwinton,24.0,44.0,68,0.77
2012,67,Hebron,66.0,0.0,66,0.75
2012,68,Kent,95.0,39.0,134,1.52
2012,69,Killingly,66.0,43.0,109,1.24
2012,70,Killingworth,26.0,18.0,44,0.5
2012,71,Lebanon,92.0,11.0,103,1.17
2012,72,Ledyard,31.0,7.0,38,0.43
2012,73,Lisbon,49.0,7.0,56,0.64
2012,74,Litchfield,60.0,44.0,104,1.18
2012,75,Lyme,50.0,11.0,61,0.69
2012,76,Madison,18.0,47.0,65,0.74
2012,77,Manchester,20.0,32.0,52,0.59
2012,78,Mansfield,4.0,44.0,48,0.55
2012,79,Marlborough,81.0,25.0,106,1.2
2012,80,Meriden,91.0,38.0,129,1.47
2012,81,Middlebury,41.0,27.0,68,0.77
2012,82,Middlefield,60.0,4.0,64,0.73
2012,83,Middletown,21.0,7.0,28,0.32
2012,84,Milford,20.0,24.0,44,0.5
2012,85,Monroe,69.0,26.0,95,1.08
2012,86,Montville,0.0,45.0,45,0.51
2012,87,Morris,4.0,22.0,26,0.3
2012,88,Naugatuck,11.0,29.0,40,0.45
2012,89,New Britain,89.0,44.0,133,1.51
2012,90,New Canaan,45.0,46.0,91,1.03
2012,91,New Fairfield,33.0,22.0,55,0.62
2012,92,New Hartford,48.0,48.0,96,1.09
2012,93,New Haven,77.0,,123,1.4
2012,95,New London,89.0,19.0,-108,1.23
2012,96,New Milford,44.0,17.0,-61,0.69
2012,94,Newington,26.0,17.0,43,0.49
2012,97,Newtown,72.0,1.0,73,0.83
2012,98,Norfolk,,3.0,28,0.32
2012,99,North Branford,46.0,29.0,75,0.85
2012,100,North Canaan,85.0,32.0,117,1.33
2012,101,North Haven,55.0,35.0,90,1.02
2012,102,North Stonington,93.0,17.0,110,1.25
2012,103,Norwalk,62.0,36.0,98,1.11
2012,104,Norwich,47.0,18.0,65,0.74
2012,105,Old Lyme,60.0,46.0,106,1.2
2012,106,Old Saybrook,80.0,27.0,107,1.22
2012,107,Orange,25.0,39.0,64,0.73
2012,108,Oxford,35.0,19.0,54,0.61
2012,109,Plainfield,0.0,48.0,48,0.55
2012,110,Plainville,7.0,32.0,39,0.44
2012,111,Plymouth,98.0,11.0,109,1.24
2012,112,Pomfret,51.0,14.0,65,0.74
2012,113,Portland,78.0,,118,1.34
2012,114,Preston,46.0,38.0,84,0.95
2012,115,Prospect,55.0,1.0,56,0.64
2012,116,Putnam,85.0,28.0,113,1.28
2012,117,Redding,13.0,40.0,53,0.6
2012,118,Ridgefield,89.0,9.0,98,1.11
2012,119,Rocky Hill,27.0,1.0,28,0.32
2012,120,Roxbury,86.0,10.0,96,1.09
2012,121,Salem,77.0,12.0,89,1.01
2012,122,Salisbury,87.0,9.0,96,1.09
2012,123,Scotland,1.0,13.0,14,0.16
2012,124,Seymour,25.0,17.0,42,0.48
2012,125,Sharon,13.0,8.0,21,0.24
2012,126,Shelton,58.0,38.0,96,1.09
2012,127,Sherman,55.0,27.0,82,0.93
2012,128,Simsbury,6.0,2.0,8,0.09
2012,129,Somers,2.0,19.0,21,0.24
2012,132,South Windsor,22.0,5.0,27,0.31
2012,130,Southbury,17.0,26.0,43,0.49
2012,131,Southington,37.0,1.0,38,0.43
2012,133,Sprague,98.0,28.0,126,1.43
2012,134,Stafford,14.0,37.0,51,0.58
2012,135,Stamford,63.0,,65,0.74
2012,136,Sterling,,15.0,103,1.17
2012,137,Stonington,27.0,29.0,56,0.64
2012,138,Stratford,73.0,39.0,112,1.27
2012,139,Suffield,38.0,1.0,39,0.44
2012,140,Thomaston,56.0,16.0,72,0.82
2012,141,Thompson,16.0,40.0,56,0.64
2012,142,Tolland,85.0,11.0,96,1.09
2012,143,Torrington,89.0,34.0,123,1.4
2012,144,Trumbull,43.0,42.0,85,0.97
2012,145,Union,24.0,0.0,24,0.27
2012,146,Vernon,16.0,44.0,60,0.68
2012,147,Voluntown,12.0,14.0,26,0.3
2012,148,Wallingford,83.0,25.0,108,1.23
2012,149,Warren,24.0,36.0,60,0.68
2012,150,Washington,67.0,20.0,87,0.99
2012,151,Waterbury,9.0,48.0,57,0.65
2012,152,Waterford,,30.0,96,1.09
2012,153,Watertown,17.0,24.0,41,0.47
2012,155,West Hartford,99.0,22.0,121,1.37
2012,156,West Haven,85.0,23.0,108,1.23
2012,154,Westbrook,33.0,37.0,70,0.8
2012,157,Weston,7.0,27.0,34,0.39
2012,158,Westport,39.0,20.0,59,0.67
2012,159,Wethersfield,82.0,42.0,124,1.41
2012,160,Willington,41.0,17.0,58,0.66
2012,161,Wilton,40.0,35.0,75,0.85
2012,162,Winchester,5.0,34.0,39,0.44
2012,163,Windham,,44.0,95,1.08
2012,164,Windsor,25.0,8.0,33,0.37
2012,165,Windsor Locks,63.0,37.0,100,1.14
2012,166,Wolcott,,29.0,126,1.43
2012,167,Woodbridge,58.0,,101,1.15
2012,168,Woodbury,55.0,33.0,88,1.0
2012,169,Woodstock,58.0,31.0,89,1.01
2013,1,Andover,69.0,2.0,71,0.81
2013,2,Ansonia,32.0,2.0,34,0.39
2013,3,Ashford,52.0,27.0,79,0.9
2013,4,Avon,21.0,43.0,64,0.73
2013,5,Barkhamsted,20.0,14.0,34,0.39
2013,6,Beacon Falls,69.0,,109,1.24
2013,7,Berlin,69.0,22.0,91,1.03
2013,8,Bethany,3.0,39.0,42,0.48
2013,9,Bethel,93.0,10.0,103,1.17
2013,10,Bethlehem,,47.0,121,1.37
2013,11,Bloomfield,61.0,31.0,92,1.05
2013,12,Bolton,,35.0,96,1.09
2013,13,Bozrah,93.0,32.0,125,1.42
2013,14,Branford,94.0,,117,1.33
2013,15,Bridgeport,23.0,38.0,61,0.69
2013,16,Bridgewater,54.0,33.0,87,0.99
2013,17,Bristol,8.0,27.0,35,0.4
2013,18,Brookfield,2.0,36.0,38,0.43
2013,19,Brooklyn,30.0,6.0,36,0.41
2013,20,Burlington,39.0,3.0,42,0.48
2013,21,Canaan,35.0,36.0,71,0.81
2013,22,Canterbury,23.0,0.0,23,0.26
2013,23,Canton,94.0,0.0,94,1.07
2013,24,Chaplin,5.0,46.0,51,0.58
2013,25,Cheshire,65.0,19.0,84,0.95
2013,26,Chester,83.0,,101,1.15
2013,27,Clinton,91.0,28.0,119,1.35
2013,28,Colchester,74.0,9.0,83,0.94
2013,29,Colebrook,3.0,17.0,20,0.23
2013,30,Columbia,78.0,27.0,105,1.19
2013,31,Cornwall,5.0,34.0,39,0.44
2013,32,Coventry,93.0,42.0,135,1.53
2013,33,Cromwell,50.0,46.0,96,1.09
2013,34,Danbury,61.0,30.0,91,1.03
2013,35,Darien,56.0,26.0,82,0.93
2013,36,Deep River,65.0,10.0,75,0.85
2013,37,Derby,78.0,48.0,126,1.43
2013,38,Durham,74.0,48.0,122,1.39
2013,40,East Granby,7.0,37.0,44,5.0
2013,41,East Haddam,25.0,4.0,29,0.33
2013,42,East Hampton,50.0,7.0,57,0.65
2013,43,East Hartford,44.0,33.0,77,0.87
2013,44,East Haven,43.0,47.0,90,10.2
2013,45,East Lyme,4.0,11.0,15,0.17
2013,47,East Windsor,69.0,37.0,106,1.2
2013,39,Eastford,25.0,0.0,25,0.28
2013,46,Easton,67.0,30.0,97,1.1
2013,48,Ellington,18.0,3.0,21,0.24
2013,49,Enfield,83.0,48.0,131,1.49
2013,50,Essex,96.0,44.0,140,1.59
2013,51,Fairfield,19.0,49.0,68,0.77
2013,52,Farmington,11.0,4.0,15,1.7000000000000002
2013,53,Franklin,46.0,29.0,75,0.85
2013,54,Glastonbury,0.0,23.0,23,0.26
2013,55,Goshen,89.0,2.0,91,1.03
2013,56,Granby,13.0,10.0,23,0.26
2013,57,Greenwich,63.0,44.0,107,1.22
2013,58,Griswold,37.0,3.0,40,0.45
2013,59,Groton,36.0,25.0,61,0.69
2013,60,Guilford,10.0,26.0,36,0.41
2013,61,Haddam,99.0,45.0,144,1.64
2013,62,Hamden,76.0,42.0,118,1.34
2013,63,Hampton,2.0,26.0,28,0.32
2013,64,Hartford,32.0,41.0,73,0.83
2013,65,Hartland,5.0,49.0,54,0.61
2013,66,Harwinton,49.0,5.0,54,0.61
2013,67,Hebron,9.0,14.0,23,0.26
2013,68,Kent,4.0,29.0,33,0.37
2013,69,Killingly,22.0,41.0,63,0.72
2013,70,Killingworth,9.0,36.0,45,0.51
2013,71,Lebanon,43.0,36.0,79,0.9
2013,72,Ledyard,1.0,41.0,-42,0.48
2013,73,Lisbon,12.0,36.0,48,0.55
2013,74,Litchfield,39.0,34.0,73,0.83
2013,75,Lyme,1.0,22.0,23,0.26
2013,76,Madison,83.0,5.0,88,1.0
2013,77,Manchester,64.0,3.0,67,0.76
2013,78,Mansfield,62.0,17.0,79,0.9
2013,79,Marlborough,72.0,8.0,80,0.91
2013,80,Meriden,16.0,48.0,64,0.73
2013,81,Middlebury,8.0,28.0,36,0.41
2013,82,Middlefield,74.0,12.0,86,0.98
2013,83,Middletown,14.0,46.0,60,0.68
2013,84,Milford,23.0,16.0,39,0.44
2013,85,Monroe,37.0,44.0,81,0.92
2013,86,Montville,34.0,31.0,65,0.74
2013,87,Morris,93.0,47.0,140,1.59
2013,88,Naugatuck,94.0,21.0,115,1.31
2013,89,New Britain,48.0,3.0,51,0.58
2013,90,New Canaan,68.0,4.0,72,0.82
2013,91,New Fairfield,61.0,36.0,97,1.1
2013,92,New Hartford,59.0,40.0,-99,1.12
2013,93,New Haven,49.0,48.0,97,1.1
2013,95,New London,77.0,,89,1.01
2013,96,New Milford,74.0,33.0,107,1.22
2013,94,Newington,8.0,44.0,52,0.59
2013,97,Newtown,33.0,21.0,54,0.61
2013,98,Norfolk,75.0,22.0,97,1.1
2013,99,North Branford,98.0,2.0,100,11.399999999999999
2013,100,North Canaan,34.0,41.0,75,0.85
2013,101,North Haven,0.0,33.0,33,0.37
2013,102,North Stonington,39.0,31.0,70,0.8
2013,103,Norwalk,63.0,44.0,107,1.22
2013,104,Norwich,21.0,48.0,69,0.78
2013,105,Old Lyme,59.0,20.0,79,0.9
2013,106,Old Saybrook,63.0,45.0,108,1.23
2013,107,Orange,92.0,43.0,135,1.53
2013,108,Oxford,71.0,20.0,91,1.03
2013,109,Plainfield,10.0,43.0,53,0.6
2013,110,Plainville,13.0,10.0,23,0.26
2013,111,Plymouth,59.0,38.0,97,11.0
2013,112,Pomfret,29.0,3.0,32,0.36
2013,113,Portland,34.0,0.0,34,0.39
2013,114,Preston,84.0,27.0,111,1.26
2013,115,Prospect,36.0,23.0,59,0.67
2013,116,Putnam,4.0,34.0,38,0.43
2013,117,Redding,82.0,12.0,94,1.07
2013,118,Ridgefield,77.0,46.0,123,1.4
2013,119,Rocky Hill,25.0,33.0,58,0.66
2013,120,Roxbury,61.0,10.0,71,0.81
2013,121,Salem,3.0,35.0,38,0.43
2013,122,Salisbury,88.0,16.0,104,1.18
2013,123,Scotland,41.0,34.0,75,0.85
2013,124,Seymour,88.0,17.0,105,1.19
2013,125,Sharon,17.0,39.0,56,0.64
2013,126,Shelton,39.0,21.0,60,0.68
2013,127,Sherman,71.0,23.0,94,1.07
2013,128,Simsbury,38.0,18.0,56,0.64
2013,129,Somers,13.0,36.0,49,5.6000000000000005
2013,132,South Windsor,31.0,38.0,69,0.78
2013,130,Southbury,50.0,20.0,70,0.8
2013,131,Southington,37.0,7.0,44,0.5
2013,133,Sprague,96.0,27.0,123,1.4
2013,134,Stafford,22.0,4.0,26,0.3
2013,135,Stamford,62.0,16.0,78,0.89
2013,136,Sterling,14.0,36.0,50,0.57
2013,137,Stonington,96.0,35.0,131,1.49
2013,138,Stratford,24.0,18.0,42,0.48
2013,139,Suffield,16.0,26.0,42,0.48
2013,140,Thomaston,96.0,33.0,129,1.47
2013,141,Thompson,65.0,10.0,75,0.85
2013,142,Tolland,77.0,44.0,121,1.37
2013,143,Torrington,52.0,46.0,98,1.11
2013,144,Trumbull,50.0,11.0,61,0.69
2013,145,Union,38.0,20.0,58,0.66
2013,146,Vernon,50.0,10.0,60,0.68
2013,147,Voluntown,69.0,38.0,107,12.2
2013,148,Wallingford,5.0,27.0,32,0.36
2013,149,Warren,66.0,4.0,70,0.8
2013,150,Washington,6.0,16.0,22,0.25
2013,151,Waterbury,50.0,19.0,69,0.78
2013,152,Waterford,71.0,40.0,111,1.26
2013,153,Watertown,41.0,,86,0.98
2013,155,West Hartford,63.0,11.0,74,0.84
2013,156,West Haven,14.0,5.0,19,0.22
2013,154,Westbrook,28.0,16.0,44,0.5
2013,157,Weston,32.0,18.0,50,0.57
2013,158,Westport,,25.0,118,1.34
2013,159,Wethersfield,,47.0,73,0.83
2013,160,Willington,35.0,43.0,78,0.89
2013,161,Wilton,28.0,43.0,71,0.81
2013,162,Winchester,37.0,31.0,68,0.77
2013,163,Windham,56.0,5.0,61,0.69
2013,164,Windsor,96.0,35.0,131,1.49
2013,165,Windsor Locks,26.0,37.0,63,0.72
2013,166,Wolcott,54.0,10.0,64,0.73
2013,167,Woodbridge,32.0,32.0,64,0.73
2013,168,Woodbury,67.0,23.0,90,1.02
2013,169,Woodstock,85.0,22.0,107,1.22
2014,1,Andover,65.0,14.0,79,0.9
2014,2,Ansonia,9.0,26.0,35,0.4
2014,3,Ashford,4.0,10.0,14,0.16
2014,4,Avon,73.0,49.0,122,1.39
2014,5,Barkhamsted,96.0,,112,1.27
2014,6,Beacon Falls,37.0,13.0,50,0.57
2014,7,Berlin,12.0,26.0,38,0.43
2014,8,Bethany,30.0,17.0,47,0.53
2014,9,Bethel,46.0,27.0,73,0.83
2014,10,Bethlehem,99.0,46.0,145,1.65
2014,11,Bloomfield,87.0,46.0,133,1.51
2014,12,Bolton,51.0,3.0,54,0.61
2014,13,Bozrah,55.0,6.0,61,0.69
2014,14,Branford,14.0,44.0,58,0.66
2014,15,Bridgeport,28.0,34.0,62,0.7
2014,16,Bridgewater,7.0,47.0,54,0.61
2014,17,Bristol,4.0,8.0,12,0.14
2014,18,Brookfield,28.0,7.0,35,0.4
2014,19,Brooklyn,46.0,44.0,90,1.02
2014,20,Burlington,67.0,16.0,83,0.94
2014,21,Canaan,75.0,16.0,91,1.03
2014,22,Canterbury,44.0,48.0,92,1.05
2014,23,Canton,1.0,32.0,33,0.37
2014,24,Chaplin,26.0,31.0,57,0.65
2014,25,Cheshire,94.0,7.0,101,1.15
2014,26,Chester,35.0,18.0,53,0.6
2014,27,Clinton,35.0,37.0,72,0.82
2014,28,Colchester,25.0,2.0,27,0.31
2014,29,Colebrook,42.0,4.0,46,0.52
2014,30,Columbia,26.0,12.0,38,0.43
2014,31,Cornwall,68.0,46.0,114,1.3
2014,32,Coventry,19.0,45.0,64,0.73
2014,33,Cromwell,10.0,30.0,40,0.45
2014,34,Danbury,73.0,15.0,88,1.0
2014,35,Darien,37.0,49.0,86,0.98
2014,36,Deep River,5.0,31.0,36,0.41
2014,37,Derby,71.0,21.0,92,1.05
2014,38,Durham,22.0,28.0,50,0.57
2014,40,East Granby,46.0,21.0,67,0.76
2014,41,East Haddam,89.0,42.0,131,1.49
2014,42,East Hampton,45.0,2.0,47,0.53
2014,43,East Hartford,11.0,9.0,20,0.23
2014,44,East Haven,89.0,41.0,130,1.48
2014,45,East Lyme,12.0,20.0,32,0.36
2014,47,East Windsor,61.0,15.0,76,0.86
2014,39,Eastford,81.0,11.0,92,1.05
2014,46,Easton,88.0,1.0,89,1.01
2014,48,Ellington,96.0,,136,1.55
2014,49,Enfield,59.0,23.0,82,0.93
2014,50,Essex,42.0,34.0,76,0.86
2014,51,Fairfield,75.0,29.0,104,1.18
2014,52,Farmington,99.0,29.0,128,1.45
2014,53,Franklin,67.0,46.0,113,1.28
2014,54,Glastonbury,,34.0,38,0.43
2014,55,Goshen,36.0,18.0,54,0.61
2014,56,Granby,71.0,49.0,120,1.36
2014,57,Greenwich,91.0,7.0,98,1.11
2014,58,Griswold,30.0,25.0,55,0.62
2014,59,Groton,8.0,48.0,56,0.64
2014,60,Guilford,50.0,39.0,89,1.01
2014,61,Haddam,28.0,6.0,34,0.39
2014,62,Hamden,77.0,29.0,106,1.2
2014,63,Hampton,39.0,6.0,45,0.51
2014,64,Hartford,40.0,2.0,42,4.8
2014,65,Hartland,85.0,0.0,85,0.97
2014,66,Harwinton,10.0,35.0,45,0.51
2014,67,Hebron,22.0,24.0,46,0.52
2014,68,Kent,0.0,36.0,36,0.41
2014,69,Killingly,45.0,0.0,45,0.51
2014,70,Killingworth,20.0,14.0,34,0.39
2014,71,Lebanon,89.0,36.0,125,1.42
2014,72,Ledyard,,12.0,47,0.53
2014,73,Lisbon,53.0,39.0,92,1.05
2014,74,Litchfield,86.0,7.0,93,1.06
2014,75,Lyme,56.0,4.0,60,0.68
2014,76,Madison,0.0,8.0,8,0.09
2014,77,Manchester,62.0,0.0,62,0.7
2014,78,Mansfield,53.0,35.0,88,1.0
2014,79,Marlborough,54.0,34.0,88,1.0
2014,80,Meriden,39.0,1.0,40,0.45
2014,81,Middlebury,14.0,39.0,53,0.6
2014,82,Middlefield,20.0,22.0,42,0.48
2014,83,Middletown,46.0,8.0,54,0.61
2014,84,Milford,72.0,33.0,105,1.19
2014,85,Monroe,52.0,45.0,97,1.1
2014,86,Montville,8.0,13.0,21,0.24
2014,87,Morris,73.0,,76,0.86
2014,88,Naugatuck,51.0,,80,0.91
2014,89,New Britain,56.0,30.0,86,0.98
2014,90,New Canaan,25.0,37.0,62,0.7
2014,91,New Fairfield,40.0,10.0,50,0.57
2014,92,New Hartford,34.0,,68,0.77
2014,93,New Haven,62.0,7.0,69,0.78
2014,95,New London,24.0,2.0,26,0.3
2014,96,New Milford,89.0,13.0,102,1.16
2014,94,Newington,74.0,12.0,86,0.98
2014,97,Newtown,37.0,44.0,81,0.92
2014,98,Norfolk,1.0,31.0,32,0.36
2014,99,North Branford,6.0,33.0,39,0.44
2014,100,North Canaan,81.0,44.0,125,1.42
2014,101,North Haven,90.0,18.0,108,1.23
2014,102,North Stonington,33.0,37.0,70,0.8
2014,103,Norwalk,90.0,15.0,105,1.19
2014,104,Norwich,16.0,1.0,17,0.19
2014,105,Old Lyme,42.0,39.0,81,0.92
2014,106,Old Saybrook,58.0,16.0,74,0.84
2014,107,Orange,50.0,33.0,83,0.94
2014,108,Oxford,53.0,,94,1.07
2014,109,Plainfield,23.0,15.0,38,0.43
2014,110,Plainville,24.0,37.0,61,0.69
2014,111,Plymouth,70.0,1.0,71,0.81
2014,112,Pomfret,51.0,1.0,52,0.59
2014,113,Portland,69.0,25.0,94,1.07
2014,114,Preston,87.0,12.0,99,1.12
2014,115,Prospect,32.0,46.0,78,0.89
2014,116,Putnam,48.0,30.0,78,0.89
2014,117,Redding,28.0,33.0,61,0.69
2014,118,Ridgefield,62.0,38.0,100,1.14
2014,119,Rocky Hill,21.0,2.0,23,0.26
2014,120,Roxbury,,7.0,32,0.36
2014,121,Salem,27.0,22.0,49,0.56
2014,122,Salisbury,,13.0,97,1.1
2014,123,Scotland,48.0,26.0,74,0.84
2014,124,Seymour,70.0,28.0,98,1.11
2014,125,Sharon,80.0,38.0,118,1.34
2014,126,Shelton,83.0,38.0,121,1.37
2014,127,Sherman,48.0,,48,0.55
2014,128,Simsbury,19.0,16.0,-35,0.4
2014,129,Somers,85.0,40.0,125,1.42
2014,132,South Windsor,91.0,29.0,120,1.36
2014,130,Southbury,62.0,12.0,74,0.84
2014,131,Southington,60.0,20.0,80,0.91
2014,133,Sprague,,18.0,66,0.75
2014,134,Stafford,70.0,18.0,88,1.0
2014,135,Stamford,0.0,24.0,24,0.27
2014,136,Sterling,95.0,21.0,116,1.32
2014,137,Stonington,12.0,30.0,42,0.48
2014,138,Stratford,93.0,16.0,109,1.24
2014,139,Suffield,86.0,22.0,108,1.23
2014,140,Thomaston,50.0,31.0,81,0.92
2014,141,Thompson,55.0,9.0,64,0.73
2014,142,Tolland,82.0,9.0,91,1.03
2014,143,Torrington,61.0,35.0,96,1.09
2014,144,Trumbull,31.0,7.0,38,0.43
2014,145,Union,,19.0,48,0.55
2014,146,Vernon,28.0,31.0,59,0.67
2014,147,Voluntown,48.0,,97,1.1
2014,148,Wallingford,44.0,13.0,57,0.65
2014,149,Warren,92.0,49.0,141,1.6
2014,150,Washington,29.0,27.0,56,0.64
2014,151,Waterbury,15.0,45.0,60,0.68
2014,152,Waterford,39.0,23.0,62,0.7
2014,153,Watertown,18.0,14.0,32,0.36
2014,155,West Hartford,,21.0,38,0.43
2014,156,West Haven,0.0,,29,0.33
2014,154,Westbrook,77.0,3.0,80,0.91
2014,157,Weston,46.0,12.0,58,0.66
2014,158,Westport,65.0,22.0,87,0.99
2014,159,Wethersfield,91.0,7.0,98,1.11
2014,160,Willington,93.0,17.0,110,1.25
2014,161,Wilton,37.0,11.0,48,0.55
2014,162,Winchester,50.0,30.0,80,0.91
2014,163,Windham,62.0,13.0,75,0.85
2014,164,Windsor,3.0,33.0,36,0.41
2014,165,Windsor Locks,0.0,17.0,17,0.19
2014,166,Wolcott,7.0,33.0,40,0.45
2014,167,Woodbridge,28.0,10.0,38,0.43
2014,168,Woodbury,54.0,40.0,94,1.07
2014,169,Woodstock,2.0,11.0,13,0.15
2015,1,Andover,31.0,48.0,79,0.9
2015,2,Ansonia,9.0,14.0,23,0.26
2015,3,Ashford,73.0,30.0,103,1.17
2015,4,Avon,82.0,48.0,130,1.48
2015,5,Barkhamsted,33.0,28.0,61,0.69
2015,6,Beacon Falls,96.0,25.0,121,1.37
2015,7,Berlin,86.0,17.0,103,1.17
2015,8,Bethany,,31.0,85,0.97
2015,9,Bethel,91.0,21.0,112,1.27
2015,10,Bethlehem,31.0,37.0,68,0.77
2015,11,Bloomfield,49.0,16.0,65,0.74
2015,12,Bolton,6.0,22.0,28,0.32
2015,13,Bozrah,92.0,23.0,115,1.31
2015,14,Branford,7.0,49.0,56,0.64
2015,15,Bridgeport,64.0,7.0,71,0.81
2015,16,Bridgewater,56.0,40.0,96,1.09
2015,17,Bristol,66.0,,71,0.81
2015,18,Brookfield,87.0,4.0,91,1.03
2015,19,Brooklyn,86.0,43.0,129,1.47
2015,20,Burlington,58.0,28.0,86,0.98
2015,21,Canaan,71.0,27.0,98,1.11
2015,22,Canterbury,53.0,,63,0.72
2015,23,Canton,66.0,0.0,66,0.75
2015,24,Chaplin,50.0,42.0,92,1.05
2015,25,Cheshire,96.0,18.0,114,1.3
2015,26,Chester,91.0,8.0,99,1.12
2015,27,Clinton,7.0,26.0,33,0.37
2015,28,Colchester,33.0,33.0,66,0.75
2015,29,Colebrook,34.0,43.0,77,0.87
2015,30,Columbia,95.0,3.0,98,1.11
2015,31,Cornwall,87.0,35.0,122,1.39
2015,32,Coventry,77.0,17.0,94,1.07
2015,33,Cromwell,31.0,14.0,45,0.51
2015,34,Danbury,45.0,12.0,57,0.65
2015,35,Darien,15.0,18.0,33,0.37
2015,36,Deep River,67.0,48.0,115,1.31
2015,37,Derby,36.0,5.0,41,4.699999999999999
2015,38,Durham,,47.0,100,1.14
2015,40,East Granby,84.0,11.0,95,1.08
2015,41,East Haddam,13.0,36.0,49,0.56
2015,42,East Hampton,94.0,16.0,110,1.25
2015,43,East Hartford,54.0,22.0,76,0.86
2015,44,East Haven,47.0,25.0,72,0.82
2015,45,East Lyme,81.0,28.0,109,1.24
2015,47,East Windsor,6.0,,38,0.43
2015,39,Eastford,73.0,26.0,99,1.12
2015,46,Easton,6.0,24.0,30,0.34
2015,48,Ellington,32.0,9.0,41,0.47
2015,49,Enfield,22.0,46.0,-68,0.77
2015,50,Essex,84.0,22.0,106,1.2
2015,51,Fairfield,18.0,20.0,38,0.43
2015,52,Farmington,,20.0,38,4.3
2015,53,Franklin,35.0,42.0,77,0.87
2015,54,Glastonbury,28.0,12.0,40,0.45
2015,55,Goshen,59.0,36.0,95,1.08
2015,56,Granby,81.0,32.0,113,1.28
2015,57,Greenwich,1.0,23.0,24,0.27
2015,58,Griswold,0.0,43.0,43,0.49
2015,59,Groton,46.0,10.0,56,0.64
2015,60,Guilford,68.0,16.0,84,0.95
2015,61,Haddam,19.0,3.0,22,0.25
2015,62,Hamden,10.0,46.0,56,0.64
2015,63,Hampton,,24.0,25,0.28
2015,64,Hartford,66.0,29.0,95,1.08
2015,65,Hartland,86.0,8.0,94,1.07
2015,66,Harwinton,11.0,20.0,31,3.5
2015,67,Hebron,19.0,19.0,38,0.43
2015,68,Kent,4.0,18.0,22,2.5
2015,69,Killingly,36.0,18.0,54,0.61
2015,70,Killingworth,37.0,11.0,48,0.55
2015,71,Lebanon,93.0,36.0,129,1.47
2015,72,Ledyard,8.0,41.0,49,0.56
2015,73,Lisbon,97.0,16.0,113,1.28
2015,74,Litchfield,52.0,36.0,88,1.0
2015,75,Lyme,43.0,47.0,90,1.02
2015,76,Madison,98.0,38.0,136,1.55
2015,77,Manchester,85.0,27.0,112,1.27
2015,78,Mansfield,23.0,40.0,63,0.72
2015,79,Marlborough,80.0,34.0,114,1.3
2015,80,Meriden,73.0,46.0,119,1.35
2015,81,Middlebury,29.0,47.0,76,0.86
2015,82,Middlefield,58.0,17.0,75,0.85
2015,83,Middletown,86.0,13.0,99,1.12
2015,84,Milford,95.0,34.0,129,14.7
2015,85,Monroe,80.0,43.0,123,1.4
2015,86,Montville,80.0,40.0,120,1.36
2015,87,Morris,13.0,6.0,19,0.22
2015,88,Naugatuck,8.0,40.0,48,0.55
2015,89,New Britain,39.0,12.0,51,0.58
2015,90,New Canaan,65.0,17.0,82,0.93
2015,91,New Fairfield,24.0,36.0,60,0.68
2015,92,New Hartford,72.0,12.0,84,0.95
2015,93,New Haven,21.0,35.0,56,0.64
2015,95,New London,3.0,30.0,33,0.37
2015,96,New Milford,25.0,1.0,26,0.3
2015,94,Newington,57.0,15.0,72,0.82
2015,97,Newtown,28.0,8.0,36,0.41
2015,98,Norfolk,97.0,8.0,105,1.19
2015,99,North Branford,86.0,37.0,123,1.4
2015,100,North Canaan,36.0,10.0,46,0.52
2015,101,North Haven,74.0,21.0,95,1.08
2015,102,North Stonington,69.0,32.0,101,11.5
2015,103,Norwalk,17.0,35.0,52,0.59
2015,104,Norwich,84.0,44.0,128,1.45
2015,105,Old Lyme,41.0,22.0,63,0.72
2015,106,Old Saybrook,99.0,44.0,143,1.62
2015,107,Orange,40.0,44.0,84,0.95
2015,108,Oxford,37.0,33.0,70,0.8
2015,109,Plainfield,33.0,8.0,41,0.47
2015,110,Plainville,16.0,23.0,39,0.44
2015,111,Plymouth,36.0,7.0,43,0.49
2015,112,Pomfret,24.0,6.0,30,0.34
2015,113,Portland,75.0,35.0,110,1.25
2015,114,Preston,86.0,17.0,103,1.17
2015,115,Prospect,85.0,2.0,87,0.99
2015,116,Putnam,84.0,27.0,111,1.26
2015,117,Redding,26.0,5.0,31,0.35
2015,118,Ridgefield,56.0,43.0,99,1.12
2015,119,Rocky Hill,30.0,43.0,73,0.83
2015,120,Roxbury,5.0,20.0,25,0.28
2015,121,Salem,90.0,27.0,117,1.33
2015,122,Salisbury,39.0,39.0,78,0.89
2015,123,Scotland,97.0,0.0,-97,1.1
2015,124,Seymour,11.0,35.0,46,0.52
2015,125,Sharon,52.0,20.0,72,0.82
2015,126,Shelton,70.0,42.0,112,1.27
2015,127,Sherman,9.0,34.0,43,0.49
2015,128,Simsbury,44.0,12.0,56,0.64
2015,129,Somers,16.0,48.0,64,0.73
2015,132,South Windsor,25.0,9.0,34,0.39
2015,130,Southbury,84.0,43.0,127,1.44
2015,131,Southington,91.0,46.0,137,1.56
2015,133,Sprague,61.0,9.0,70,0.8
2015,134,Stafford,45.0,45.0,90,1.02
2015,135,Stamford,,12.0,75,0.85
2015,136,Sterling,1.0,36.0,37,0.42
2015,137,Stonington,53.0,37.0,90,1.02
2015,138,Stratford,64.0,23.0,87,0.99
2015,139,Suffield,50.0,1.0,51,5.8
2015,140,Thomaston,52.0,21.0,73,0.83
2015,141,Thompson,35.0,16.0,51,0.58
2015,142,Tolland,25.0,35.0,60,0.68
2015,143,Torrington,28.0,13.0,41,0.47
2015,144,Trumbull,20.0,9.0,29,0.33
2015,145,Union,10.0,34.0,44,0.5
2015,146,Vernon,39.0,24.0,63,0.72
2015,147,Voluntown,10.0,2.0,12,0.14
2015,148,Wallingford,35.0,46.0,81,0.92
2015,149,Warren,58.0,37.0,95,1.08
2015,150,Washington,38.0,16.0,54,0.61
2015,151,Waterbury,98.0,11.0,109,1.24
2015,152,Waterford,53.0,23.0,76,0.86
2015,153,Watertown,97.0,28.0,125,1.42
2015,155,West Hartford,54.0,42.0,96,1.09
2015,156,West Haven,,24.0,47,0.53
2015,154,Westbrook,,35.0,56,0.64
2015,157,Weston,68.0,25.0,93,1.06
2015,158,Westport,55.0,37.0,92,1.05
2015,159,Wethersfield,32.0,0.0,32,0.36
2015,160,Willington,35.0,19.0,54,0.61
2015,161,Wilton,19.0,27.0,46,0.52
2015,162,Winchester,82.0,15.0,97,1.1
2015,163,Windham,98.0,46.0,144,1.64
2015,164,Windsor,80.0,16.0,96,1.09
2015,165,Windsor Locks,61.0,39.0,100,1.14
2015,166,Wolcott,97.0,27.0,124,1.41
2015,167,Woodbridge,72.0,,83,0.94
2015,168,Woodbury,25.0,26.0,51,5.8
2015,169,Woodstock,65.0,41.0,106,1.2
2016,1,Andover,72.0,46.0,118,1.34
2016,2,Ansonia,72.0,29.0,101,11.5
2016,3,Ashford,39.0,40.0,79,0.9
2016,4,Avon,16.0,33.0,49,0.56
2016,5,Barkhamsted,,36.0,36,0.41
2016,6,Beacon Falls,88.0,5.0,93,1.06
2016,7,Berlin,60.0,6.0,66,0.75
2016,8,Bethany,42.0,31.0,73,0.83
2016,9,Bethel,41.0,31.0,72,0.82
2016,10,Bethlehem,24.0,24.0,48,0.55
2016,11,Bloomfield,38.0,32.0,70,0.8
2016,12,Bolton,34.0,,40,0.45
2016,13,Bozrah,2.0,11.0,13,0.15
2016,14,Branford,43.0,15.0,58,0.66
2016,15,Bridgeport,50.0,15.0,65,0.74
2016,16,Bridgewater,93.0,42.0,135,1.53
2016,17,Bristol,97.0,35.0,132,1.5
2016,18,Brookfield,11.0,12.0,23,0.26
2016,19,Brooklyn,18.0,6.0,24,0.27
2016,20,Burlington,43.0,35.0,78,0.89
2016,21,Canaan,58.0,46.0,104,1.18
2016,22,Canterbury,48.0,8.0,56,0.64
2016,23,Canton,60.0,31.0,91,1.03
2016,24,Chaplin,16.0,10.0,26,0.3
2016,25,Cheshire,73.0,,80,0.91
2016,26,Chester,56.0,32.0,88,1.0
2016,27,Clinton,54.0,22.0,76,0.86
2016,28,Colchester,46.0,24.0,70,0.8
2016,29,Colebrook,11.0,,18,0.2
2016,30,Columbia,61.0,44.0,105,1.19
2016,31,Cornwall,,21.0,100,1.14
2016,32,Coventry,87.0,3.0,90,1.02
2016,33,Cromwell,82.0,39.0,121,1.37
2016,34,Danbury,7.0,2.0,9,0.1
2016,35,Darien,94.0,28.0,-122,1.39
2016,36,Deep River,20.0,40.0,60,0.68
2016,37,Derby,80.0,28.0,108,1.23
2016,38,Durham,,33.0,119,1.35
2016,40,East Granby,79.0,33.0,112,1.27
2016,41,East Haddam,69.0,27.0,96,1.09
2016,42,East Hampton,71.0,12.0,83,0.94
2016,43,East Hartford,24.0,14.0,38,0.43
2016,44,East Haven,81.0,22.0,103,1.17
2016,45,East Lyme,88.0,43.0,131,1.49
2016,47,East Windsor,,25.0,36,0.41
2016,39,Eastford,14.0,3.0,17,0.19
2016,46,Easton,58.0,25.0,83,0.94
2016,48,Ellington,25.0,39.0,64,0.73
2016,49,Enfield,25.0,8.0,33,0.37
2016,50,Essex,46.0,4.0,50,0.57
2016,51,Fairfield,31.0,31.0,62,0.7
2016,52,Farmington,9.0,19.0,28,0.32
2016,53,Franklin,15.0,49.0,64,0.73
2016,54,Glastonbury,70.0,10.0,80,0.91
2016,55,Goshen,16.0,14.0,30,0.34
2016,56,Granby,22.0,31.0,53,0.6
2016,57,Greenwich,25.0,27.0,52,0.59
2016,58,Griswold,84.0,,105,1.19
2016,59,Groton,85.0,40.0,125,1.42
2016,60,Guilford,6.0,16.0,22,0.25
2016,61,Haddam,13.0,25.0,38,0.43
2016,62,Hamden,78.0,43.0,121,1.37
2016,63,Hampton,6.0,6.0,12,0.14
2016,64,Hartford,8.0,41.0,49,5.6000000000000005
2016,65,Hartland,47.0,25.0,72,0.82
2016,66,Harwinton,71.0,24.0,95,1.08
2016,67,Hebron,58.0,9.0,67,0.76
2016,68,Kent,86.0,44.0,130,1.48
2016,69,Killingly,92.0,18.0,110,1.25
2016,70,Killingworth,81.0,10.0,91,1.03
2016,71,Lebanon,94.0,12.0,106,12.0
2016,72,Ledyard,93.0,7.0,100,1.14
2016,73,Lisbon,38.0,39.0,77,0.87
2016,74,Litchfield,98.0,3.0,101,1.15
2016,75,Lyme,,46.0,63,0.72
2016,76,Madison,58.0,30.0,88,1.0
2016,77,Manchester,16.0,27.0,43,0.49
2016,78,Mansfield,13.0,10.0,23,0.26
2016,79,Marlborough,30.0,42.0,72,0.82
2016,80,Meriden,23.0,0.0,23,0.26
2016,81,Middlebury,98.0,48.0,146,1.66
2016,82,Middlefield,59.0,46.0,105,1.19
2016,83,Middletown,44.0,37.0,81,0.92
2016,84,Milford,97.0,23.0,120,1.36
2016,85,Monroe,2.0,46.0,48,0.55
2016,86,Montville,36.0,30.0,66,0.75
2016,87,Morris,42.0,40.0,82,0.93
2016,88,Naugatuck,39.0,45.0,84,0.95
2016,89,New Britain,89.0,49.0,138,1.57
2016,90,New Canaan,54.0,25.0,79,0.9
2016,91,New Fairfield,86.0,,134,1.52
2016,92,New Hartford,38.0,49.0,87,0.99
2016,93,New Haven,14.0,4.0,18,0.2
2016,95,New London,3.0,19.0,22,0.25
2016,96,New Milford,92.0,40.0,132,1.5
2016,94,Newington,85.0,10.0,95,1.08
2016,97,Newtown,24.0,32.0,56,0.64
2016,98,Norfolk,12.0,49.0,61,0.69
2016,99,North Branford,81.0,37.0,118,1.34
2016,100,North Canaan,32.0,26.0,58,0.66
2016,101,North Haven,15.0,33.0,48,0.55
2016,102,North Stonington,41.0,14.0,55,0.62
2016,103,Norwalk,65.0,31.0,96,1.09
2016,104,Norwich,54.0,20.0,74,0.84
2016,105,Old Lyme,98.0,45.0,143,1.62
2016,106,Old Saybrook,41.0,4.0,45,0.51
2016,107,Orange,33.0,5.0,38,0.43
2016,108,Oxford,29.0,,66,0.75
2016,109,Plainfield,12.0,21.0,33,0.37
2016,110,Plainville,12.0,17.0,29,0.33
2016,111,Plymouth,17.0,13.0,30,0.34
2016,112,Pomfret,31.0,9.0,40,0.45
2016,113,Portland,95.0,45.0,140,1.59
2016,114,Preston,98.0,12.0,110,1.25
2016,115,Prospect,38.0,30.0,68,0.77
2016,116,Putnam,45.0,29.0,74,0.84
2016,117,Redding,28.0,,30,0.34
2016,118,Ridgefield,61.0,29.0,90,1.02
2016,119,Rocky Hill,92.0,5.0,97,1.1
2016,120,Roxbury,61.0,28.0,89,1.01
2016,121,Salem,56.0,7.0,63,0.72
2016,122,Salisbury,15.0,43.0,58,0.66
2016,123,Scotland,55.0,44.0,99,1.12
2016,124,Seymour,9.0,42.0,51,0.58
2016,125,Sharon,29.0,43.0,72,0.82
2016,126,Shelton,,32.0,56,0.64
2016,127,Sherman,83.0,,99,1.12
2016,128,Simsbury,4.0,47.0,51,0.58
2016,129,Somers,64.0,10.0,74,0.84
2016,132,South Windsor,93.0,12.0,105,1.19
2016,130,Southbury,48.0,49.0,97,1.1
2016,131,Southington,2.0,10.0,12,0.14
2016,133,Sprague,44.0,30.0,74,0.84
2016,134,Stafford,13.0,27.0,40,0.45
2016,135,Stamford,29.0,43.0,72,0.82
2016,136,Sterling,67.0,5.0,72,0.82
2016,137,Stonington,17.0,40.0,57,6.5
2016,138,Stratford,61.0,,76,0.86
2016,139,Suffield,36.0,3.0,39,0.44
2016,140,Thomaston,24.0,34.0,58,0.66
2016,141,Thompson,47.0,47.0,94,1.07
2016,142,Tolland,64.0,25.0,89,1.01
2016,143,Torrington,52.0,11.0,63,0.72
2016,144,Trumbull,78.0,10.0,88,1.0
2016,145,Union,72.0,36.0,108,1.23
2016,146,Vernon,14.0,24.0,38,0.43
2016,147,Voluntown,48.0,17.0,65,0.74
2016,148,Wallingford,87.0,18.0,105,1.19
2016,149,Warren,67.0,22.0,89,1.01
2016,150,Washington,11.0,37.0,48,0.55
2016,151,Waterbury,58.0,17.0,75,0.85
2016,152,Waterford,36.0,25.0,61,0.69
2016,153,Watertown,60.0,5.0,65,0.74
2016,155,West Hartford,42.0,3.0,45,0.51
2016,156,West Haven,69.0,43.0,112,1.27
2016,154,Westbrook,38.0,28.0,66,0.75
2016,157,Weston,55.0,33.0,88,1.0
2016,158,Westport,62.0,16.0,78,0.89
2016,159,Wethersfield,45.0,42.0,87,0.99
2016,160,Willington,87.0,42.0,129,1.47
2016,161,Wilton,10.0,15.0,25,0.28
2016,162,Winchester,61.0,1.0,62,0.7
2016,163,Windham,76.0,33.0,109,1.24
2016,164,Windsor,97.0,7.0,104,1.18
2016,165,Windsor Locks,24.0,12.0,36,0.41
2016,166,Wolcott,70.0,41.0,111,1.26
2016,167,Woodbridge,51.0,7.0,58,0.66
2016,168,Woodbury,3.0,29.0,-32,0.36
2016,169,Woodstock,58.0,31.0,89,1.01
2017,1,Andover,71.0,35.0,106,1.2
2017,2,Ansonia,19.0,46.0,65,0.74
2017,3,Ashford,92.0,29.0,121,1.37
2017,4,Avon,62.0,0.0,62,0.7
2017,5,Barkhamsted,53.0,42.0,95,1.08
2017,6,Beacon Falls,73.0,38.0,111,1.26
2017,7,Berlin,97.0,16.0,113,1.28
2017,8,Bethany,56.0,19.0,75,0.85
2017,9,Bethel,89.0,23.0,112,1.27
2017,10,Bethlehem,40.0,49.0,89,1.01
2017,11,Bloomfield,2.0,21.0,23,0.26
2017,12,Bolton,5.0,28.0,33,0.37
2017,13,Bozrah,4.0,21.0,25,0.28
2017,14,Branford,4.0,43.0,47,0.53
2017,15,Bridgeport,53.0,8.0,61,0.69
2017,16,Bridgewater,46.0,36.0,82,0.93
2017,17,Bristol,86.0,9.0,95,1.08
2017,18,Brookfield,48.0,35.0,83,0.94
2017,19,Brooklyn,8.0,36.0,44,0.5
2017,20,Burlington,98.0,27.0,125,1.42
2017,21,Canaan,19.0,27.0,46,0.52
2017,22,Canterbury,60.0,41.0,101,1.15
2017,23,Canton,34.0,42.0,76,0.86
2017,24,Chaplin,49.0,20.0,69,0.78
2017,25,Cheshire,81.0,23.0,104,1.18
2017,26,Chester,61.0,41.0,102,1.16
2017,27,Clinton,16.0,39.0,55,0.62
2017,28,Colchester,87.0,1.0,88,1.0
2017,29,Colebrook,2.0,7.0,9,0.1
2017,30,Columbia,31.0,47.0,78,0.89
2017,31,Cornwall,98.0,26.0,124,1.41
2017,32,Coventry,12.0,21.0,33,0.37
2017,33,Cromwell,88.0,36.0,124,1.41
2017,34,Danbury,72.0,26.0,98,1.11
2017,35,Darien,67.0,28.0,95,1.08
2017,36,Deep River,13.0,2.0,15,1.7000000000000002
2017,37,Derby,,43.0,140,1.59
2017,38,Durham,10.0,12.0,22,0.25
2017,40,East Granby,55.0,44.0,99,1.12
2017,41,East Haddam,66.0,9.0,75,0.85
2017,42,East Hampton,91.0,35.0,126,1.43
2017,43,East Hartford,28.0,8.0,36,0.41
2017,44,East Haven,8.0,26.0,34,0.39
2017,45,East Lyme,66.0,33.0,99,1.12
2017,47,East Windsor,24.0,0.0,24,0.27
2017,39,Eastford,97.0,31.0,128,1.45
2017,46,Easton,,,99,1.12
2017,48,Ellington,41.0,28.0,69,0.78
2017,49,Enfield,8.0,6.0,14,0.16
2017,50,Essex,78.0,48.0,126,1.43
2017,51,Fairfield,39.0,2.0,41,0.47
2017,52,Farmington,24.0,19.0,43,0.49
2017,53,Franklin,4.0,19.0,23,0.26
2017,54,Glastonbury,10.0,29.0,39,0.44
2017,55,Goshen,58.0,34.0,92,1.05
2017,56,Granby,97.0,34.0,131,1.49
2017,57,Greenwich,87.0,48.0,135,1.53
2017,58,Griswold,78.0,38.0,116,1.32
2017,59,Groton,37.0,26.0,63,0.72
2017,60,Guilford,71.0,25.0,96,1.09
2017,61,Haddam,4.0,13.0,17,0.19
2017,62,Hamden,47.0,16.0,63,0.72
2017,63,Hampton,89.0,17.0,106,1.2
2017,64,Hartford,17.0,44.0,61,0.69
2017,65,Hartland,69.0,28.0,97,1.1
2017,66,Harwinton,36.0,19.0,55,0.62
2017,67,Hebron,59.0,26.0,85,0.97
2017,68,Kent,47.0,17.0,64,0.73
2017,69,Killingly,76.0,3.0,79,0.9
2017,70,Killingworth,27.0,0.0,27,0.31
2017,71,Lebanon,68.0,49.0,117,1.33
2017,72,Ledyard,76.0,0.0,76,0.86
2017,73,Lisbon,80.0,25.0,105,1.19
2017,74,Litchfield,39.0,44.0,83,0.94
2017,75,Lyme,44.0,19.0,63,0.72
2017,76,Madison,95.0,22.0,117,1.33
2017,77,Manchester,61.0,9.0,70,0.8
2017,78,Mansfield,92.0,10.0,102,1.16
2017,79,Marlborough,57.0,,97,1.1
2017,80,Meriden,66.0,40.0,106,1.2
2017,81,Middlebury,55.0,4.0,59,0.67
2017,82,Middlefield,39.0,0.0,39,0.44
2017,83,Middletown,97.0,16.0,113,1.28
2017,84,Milford,39.0,21.0,60,0.68
2017,85,Monroe,90.0,33.0,123,1.4
2017,86,Montville,76.0,44.0,-120,1.36
2017,87,Morris,32.0,40.0,72,0.82
2017,88,Naugatuck,5.0,28.0,33,0.37
2017,89,New Britain,87.0,3.0,90,1.02
2017,90,New Canaan,18.0,4.0,22,0.25
2017,91,New Fairfield,79.0,10.0,89,1.01
2017,92,New Hartford,39.0,20.0,59,0.67
2017,93,New Haven,91.0,34.0,125,1.42
2017,95,New London,96.0,11.0,107,1.22
2017,96,New Milford,58.0,25.0,83,0.94
2017,94,Newington,58.0,18.0,76,0.86
2017,97,Newtown,47.0,,91,1.03
2017,98,Norfolk,40.0,6.0,46,0.52
2017,99,North Branford,12.0,46.0,58,0.66
2017,100,North Canaan,44.0,6.0,50,0.57
2017,101,North Haven,88.0,25.0,113,1.28
2017,102,North Stonington,52.0,39.0,91,1.03
2017,103,Norwalk,,4.0,45,0.51
2017,104,Norwich,99.0,20.0,119,1.35
2017,105,Old Lyme,62.0,13.0,75,0.85
2017,106,Old Saybrook,26.0,3.0,29,0.33
2017,107,Orange,37.0,22.0,59,0.67
2017,108,Oxford,59.0,41.0,100,1.14
2017,109,Plainfield,6.0,19.0,25,0.28
2017,110,Plainville,4.0,14.0,18,0.2
2017,111,Plymouth,44.0,49.0,93,1.06
2017,112,Pomfret,57.0,44.0,101,1.15
2017,113,Portland,30.0,28.0,58,0.66
2017,114,Preston,22.0,7.0,29,0.33
2017,115,Prospect,41.0,40.0,81,0.92
2017,116,Putnam,9.0,47.0,56,0.64
2017,117,Redding,31.0,18.0,49,0.56
2017,118,Ridgefield,52.0,47.0,99,1.12
2017,119,Rocky Hill,29.0,38.0,67,0.76
2017,120,Roxbury,38.0,,83,0.94
2017,121,Salem,30.0,27.0,57,0.65
2017,122,Salisbury,81.0,45.0,126,1.43
2017,123,Scotland,99.0,26.0,125,1.42
2017,124,Seymour,1.0,3.0,4,0.05
2017,125,Sharon,77.0,14.0,91,1.03
2017,126,Shelton,76.0,34.0,110,1.25
2017,127,Sherman,92.0,36.0,128,1.45
2017,128,Simsbury,11.0,0.0,11,0.12
2017,129,Somers,38.0,2.0,40,0.45
2017,132,South Windsor,65.0,46.0,111,1.26
2017,130,Southbury,95.0,23.0,118,13.4
2017,131,Southington,12.0,26.0,38,0.43
2017,133,Sprague,45.0,39.0,84,0.95
2017,134,Stafford,26.0,35.0,61,0.69
2017,135,Stamford,16.0,33.0,49,0.56
2017,136,Sterling,94.0,28.0,122,1.39
2017,137,Stonington,97.0,,120,1.36
2017,138,Stratford,59.0,23.0,82,0.93
2017,139,Suffield,63.0,41.0,104,1.18
2017,140,Thomaston,87.0,3.0,90,1.02
2017,141,Thompson,34.0,,36,0.41
2017,142,Tolland,69.0,33.0,102,1.16
2017,143,Torrington,82.0,48.0,130,1.48
2017,144,Trumbull,29.0,22.0,51,0.58
2017,145,Union,70.0,22.0,92,1.05
2017,146,Vernon,73.0,44.0,117,1.33
2017,147,Voluntown,95.0,4.0,99,1.12
2017,148,Wallingford,97.0,30.0,127,1.44
2017,149,Warren,62.0,40.0,102,1.16
2017,150,Washington,27.0,5.0,32,0.36
2017,151,Waterbury,59.0,36.0,95,1.08
2017,152,Waterford,78.0,9.0,-87,0.99
2017,153,Watertown,93.0,39.0,132,1.5
2017,155,West Hartford,36.0,6.0,42,0.48
2017,156,West Haven,92.0,38.0,-130,1.48
2017,154,Westbrook,21.0,37.0,58,0.66
2017,157,Weston,67.0,20.0,87,0.99
2017,158,Westport,19.0,19.0,38,0.43
2017,159,Wethersfield,95.0,2.0,97,1.1
2017,160,Willington,99.0,21.0,120,1.36
2017,161,Wilton,67.0,46.0,113,1.28
2017,162,Winchester,90.0,3.0,93,1.06
2017,163,Windham,63.0,27.0,90,1.02
2017,164,Windsor,16.0,11.0,27,0.31
2017,165,Windsor Locks,11.0,,48,0.55
2017,166,Wolcott,21.0,35.0,56,0.64
2017,167,Woodbridge,,46.0,62,0.7
2017,168,Woodbury,9.0,40.0,49,0.56
2017,169,Woodstock,64.0,4.0,68,0.77
2018,1,Andover,21.0,12.0,33,0.37
2018,2,Ansonia,89.0,22.0,111,1.26
2018,3,Ashford,81.0,49.0,130,1.48
2018,4,Avon,49.0,29.0,78,0.89
2018,5,Barkhamsted,13.0,36.0,49,0.56
2018,6,Beacon Falls,63.0,24.0,87,0.99
2018,7,Berlin,46.0,47.0,93,1.06
2018,8,Bethany,28.0,26.0,54,0.61
2018,9,Bethel,75.0,13.0,88,1.0
2018,10,Bethlehem,35.0,47.0,82,0.93
2018,11,Bloomfield,98.0,46.0,144,1.64
2018,12,Bolton,51.0,35.0,86,0.98
2018,13,Bozrah,75.0,38.0,113,1.28
2018,14,Branford,6.0,15.0,21,0.24
2018,15,Bridgeport,28.0,21.0,49,0.56
2018,16,Bridgewater,10.0,20.0,30,0.34
2018,17,Bristol,32.0,20.0,52,0.59
2018,18,Brookfield,5.0,7.0,12,0.14
2018,19,Brooklyn,78.0,48.0,126,1.43
2018,20,Burlington,31.0,15.0,46,0.52
2018,21,Canaan,50.0,,80,0.91
2018,22,Canterbury,74.0,41.0,115,1.31
2018,23,Canton,57.0,9.0,66,0.75
2018,24,Chaplin,86.0,31.0,117,1.33
2018,25,Cheshire,25.0,33.0,58,0.66
2018,26,Chester,97.0,8.0,105,1.19
2018,27,Clinton,45.0,,61,0.69
2018,28,Colchester,97.0,10.0,107,1.22
2018,29,Colebrook,28.0,31.0,59,0.67
2018,30,Columbia,3.0,9.0,12,0.14
2018,31,Cornwall,80.0,21.0,101,1.15
2018,32,Coventry,98.0,16.0,114,1.3
2018,33,Cromwell,12.0,3.0,15,0.17
2018,34,Danbury,38.0,47.0,85,0.97
2018,35,Darien,14.0,46.0,60,0.68
2018,36,Deep River,,24.0,52,0.59
2018,37,Derby,28.0,20.0,48,0.55
2018,38,Durham,74.0,36.0,110,1.25
2018,40,East Granby,31.0,37.0,68,0.77
2018,41,East Haddam,1.0,48.0,49,0.56
2018,42,East Hampton,46.0,0.0,46,0.52
2018,43,East Hartford,77.0,24.0,101,1.15
2018,44,East Haven,83.0,35.0,118,1.34
2018,45,East Lyme,21.0,16.0,37,0.42
2018,47,East Windsor,74.0,40.0,114,1.3
2018,39,Eastford,26.0,23.0,49,0.56
2018,46,Easton,66.0,1.0,67,0.76
2018,48,Ellington,80.0,39.0,119,1.35
2018,49,Enfield,55.0,14.0,69,0.78
2018,50,Essex,91.0,31.0,122,1.39
2018,51,Fairfield,92.0,38.0,130,1.48
2018,52,Farmington,20.0,5.0,25,0.28
2018,53,Franklin,46.0,0.0,46,0.52
2018,54,Glastonbury,79.0,46.0,125,1.42
2018,55,Goshen,58.0,22.0,80,0.91
2018,56,Granby,83.0,38.0,121,1.37
2018,57,Greenwich,5.0,16.0,21,0.24
2018,58,Griswold,18.0,33.0,51,0.58
2018,59,Groton,56.0,40.0,96,1.09
2018,60,Guilford,68.0,28.0,96,1.09
2018,61,Haddam,2.0,8.0,10,0.11
2018,62,Hamden,0.0,12.0,12,0.14
2018,63,Hampton,57.0,5.0,62,0.7
2018,64,Hartford,,5.0,42,0.48
2018,65,Hartland,14.0,19.0,-33,0.37
2018,66,Harwinton,33.0,2.0,35,0.4
2018,67,Hebron,60.0,16.0,76,0.86
2018,68,Kent,34.0,48.0,82,0.93
2018,69,Killingly,,11.0,74,0.84
2018,70,Killingworth,24.0,47.0,71,0.81
2018,71,Lebanon,23.0,46.0,69,0.78
2018,72,Ledyard,11.0,44.0,55,0.62
2018,73,Lisbon,17.0,0.0,17,0.19
2018,74,Litchfield,14.0,16.0,30,0.34
2018,75,Lyme,79.0,2.0,81,0.92
2018,76,Madison,26.0,25.0,51,0.58
2018,77,Manchester,71.0,14.0,85,0.97
2018,78,Mansfield,59.0,35.0,94,1.07
2018,79,Marlborough,,31.0,76,0.86
2018,80,Meriden,88.0,31.0,119,1.35
2018,81,Middlebury,16.0,3.0,19,0.22
2018,82,Middlefield,92.0,17.0,109,1.24
2018,83,Middletown,,48.0,100,1.14
2018,84,Milford,7.0,18.0,25,0.28
2018,85,Monroe,78.0,,120,1.36
2018,86,Montville,26.0,34.0,60,6.800000000000001
2018,87,Morris,45.0,39.0,84,0.95
2018,88,Naugatuck,49.0,13.0,62,0.7
2018,89,New Britain,70.0,32.0,102,1.16
2018,90,New Canaan,2.0,13.0,15,0.17
2018,91,New Fairfield,92.0,33.0,125,1.42
2018,92,New Hartford,63.0,3.0,66,0.75
2018,93,New Haven,43.0,23.0,66,0.75
2018,95,New London,52.0,28.0,80,0.91
2018,96,New Milford,23.0,18.0,41,0.47
2018,94,Newington,59.0,5.0,64,0.73
2018,97,Newtown,2.0,32.0,34,0.39
2018,98,Norfolk,19.0,48.0,67,0.76
2018,99,North Branford,45.0,39.0,84,0.95
2018,100,North Canaan,14.0,18.0,32,0.36
2018,101,North Haven,24.0,0.0,24,0.27
2018,102,North Stonington,93.0,4.0,97,1.1
2018,103,Norwalk,77.0,26.0,103,1.17
2018,104,Norwich,70.0,15.0,85,0.97
2018,105,Old Lyme,16.0,5.0,21,0.24
2018,106,Old Saybrook,83.0,39.0,122,1.39
2018,107,Orange,99.0,12.0,111,1.26
2018,108,Oxford,8.0,47.0,55,0.62
2018,109,Plainfield,37.0,34.0,71,0.81
2018,110,Plainville,47.0,,65,0.74
2018,111,Plymouth,59.0,11.0,70,0.8
2018,112,Pomfret,62.0,15.0,77,0.87
2018,113,Portland,85.0,42.0,127,1.44
2018,114,Preston,1.0,9.0,10,0.11
2018,115,Prospect,87.0,24.0,111,1.26
2018,116,Putnam,71.0,19.0,90,1.02
2018,117,Redding,10.0,30.0,40,0.45
2018,118,Ridgefield,63.0,3.0,66,0.75
2018,119,Rocky Hill,76.0,43.0,119,1.35
2018,120,Roxbury,80.0,22.0,102,1.16
2018,121,Salem,71.0,1.0,72,0.82
2018,122,Salisbury,20.0,21.0,41,0.47
2018,123,Scotland,,36.0,53,0.6
2018,124,Seymour,93.0,7.0,100,1.14
2018,125,Sharon,63.0,6.0,69,0.78
2018,126,Shelton,81.0,13.0,94,1.07
2018,127,Sherman,94.0,2.0,96,1.09
2018,128,Simsbury,37.0,49.0,86,0.98
2018,129,Somers,31.0,15.0,46,0.52
2018,132,South Windsor,10.0,18.0,28,0.32
2018,130,Southbury,44.0,,61,0.69
2018,131,Southington,88.0,15.0,103,1.17
2018,133,Sprague,32.0,7.0,39,0.44
2018,134,Stafford,40.0,32.0,-72,0.82
2018,135,Stamford,7.0,48.0,55,0.62
2018,136,Sterling,10.0,11.0,21,0.24
2018,137,Stonington,85.0,,95,1.08
2018,138,Stratford,50.0,4.0,54,0.61
2018,139,Suffield,87.0,26.0,113,1.28
2018,140,Thomaston,40.0,11.0,51,0.58
2018,141,Thompson,16.0,16.0,32,0.36
2018,142,Tolland,75.0,5.0,80,0.91
2018,143,Torrington,45.0,32.0,-77,8.7
2018,144,Trumbull,31.0,4.0,35,0.4
2018,145,Union,78.0,27.0,105,1.19
2018,146,Vernon,79.0,13.0,92,1.05
2018,147,Voluntown,53.0,4.0,57,0.65
2018,148,Wallingford,85.0,32.0,117,1.33
2018,149,Warren,91.0,49.0,140,1.59
2018,150,Washington,19.0,47.0,66,0.75
2018,151,Waterbury,,40.0,72,0.82
2018,152,Waterford,73.0,18.0,91,1.03
2018,153,Watertown,39.0,21.0,60,0.68
2018,155,West Hartford,31.0,4.0,35,0.4
2018,156,West Haven,96.0,1.0,97,1.1
2018,154,Westbrook,1.0,29.0,30,0.34
2018,157,Weston,96.0,46.0,142,1.61
2018,158,Westport,32.0,38.0,70,0.8
2018,159,Wethersfield,76.0,3.0,79,0.9
2018,160,Willington,,32.0,61,0.69
2018,161,Wilton,32.0,12.0,44,0.5
2018,162,Winchester,76.0,19.0,95,1.08
2018,163,Windham,25.0,6.0,31,0.35
2018,164,Windsor,21.0,14.0,35,0.4
2018,165,Windsor Locks,65.0,22.0,87,9.9
2018,166,Wolcott,37.0,13.0,50,0.57
2018,167,Woodbridge,89.0,22.0,111,1.26
2018,168,Woodbury,45.0,18.0,63,0.72
2018,169,Woodstock,14.0,28.0,42,0.48
2019,1,Andover,97.0,19.0,116,1.32
2019,2,Ansonia,43.0,28.0,71,0.81
2019,3,Ashford,48.0,23.0,71,0.81
2019,4,Avon,74.0,17.0,91,1.03
2019,5,Barkhamsted,60.0,9.0,69,0.78
2019,6,Beacon Falls,66.0,40.0,106,1.2
2019,7,Berlin,,7.0,12,0.14
2019,8,Bethany,8.0,25.0,33,0.37
2019,9,Bethel,5.0,28.0,33,0.37
2019,10,Bethlehem,72.0,9.0,81,0.92
2019,11,Bloomfield,94.0,16.0,110,1.25
2019,12,Bolton,31.0,1.0,32,0.36
2019,13,Bozrah,40.0,5.0,45,0.51
2019,14,Branford,75.0,4.0,79,0.9
2019,15,Bridgeport,7.0,27.0,34,0.39
2019,16,Bridgewater,71.0,40.0,111,1.26
2019,17,Bristol,49.0,4.0,53,0.6
2019,18,Brookfield,91.0,17.0,108,1.23
2019,19,Brooklyn,61.0,25.0,86,0.98
2019,20,Burlington,83.0,19.0,102,1.16
2019,21,Canaan,61.0,40.0,101,1.15
2019,22,Canterbury,6.0,48.0,54,0.61
2019,23,Canton,74.0,26.0,100,1.14
2019,24,Chaplin,83.0,48.0,131,1.49
2019,25,Cheshire,79.0,11.0,90,1.02
2019,26,Chester,3.0,6.0,9,0.1
2019,27,Clinton,5.0,2.0,7,0.08
2019,28,Colchester,57.0,9.0,66,0.75
2019,29,Colebrook,21.0,33.0,54,0.61
2019,30,Columbia,25.0,24.0,-49,0.56
2019,31,Cornwall,2.0,34.0,36,0.41
2019,32,Coventry,40.0,15.0,55,0.62
2019,33,Cromwell,59.0,1.0,60,0.68
2019,34,Danbury,13.0,23.0,36,0.41
2019,35,Darien,74.0,9.0,83,0.94
2019,36,Deep River,81.0,37.0,118,1.34
2019,37,Derby,11.0,21.0,32,0.36
2019,38,Durham,86.0,25.0,111,1.26
2019,40,East Granby,11.0,42.0,53,0.6
2019,41,East Haddam,12.0,38.0,-50,0.57
2019,42,East Hampton,24.0,26.0,50,0.57
2019,43,East Hartford,44.0,28.0,72,0.82
2019,44,East Haven,18.0,46.0,64,0.73
2019,45,East Lyme,54.0,37.0,91,1.03
2019,47,East Windsor,99.0,19.0,118,1.34
2019,39,Eastford,44.0,26.0,70,0.8
2019,46,Easton,7.0,40.0,47,0.53
2019,48,Ellington,92.0,19.0,111,1.26
2019,49,Enfield,52.0,43.0,95,1.08
2019,50,Essex,54.0,18.0,72,0.82
2019,51,Fairfield,,19.0,50,0.57
2019,52,Farmington,50.0,34.0,84,0.95
2019,53,Franklin,43.0,46.0,89,1.01
2019,54,Glastonbury,81.0,1.0,82,0.93
2019,55,Goshen,69.0,29.0,98,1.11
2019,56,Granby,17.0,33.0,50,0.57
2019,57,Greenwich,82.0,21.0,103,1.17
2019,58,Griswold,21.0,2.0,23,0.26
2019,59,Groton,36.0,5.0,41,0.47
2019,60,Guilford,95.0,14.0,109,1.24
2019,61,Haddam,55.0,26.0,81,0.92
2019,62,Hamden,58.0,9.0,67,0.76
2019,63,Hampton,2.0,8.0,10,0.11
2019,64,Hartford,27.0,32.0,59,0.67
2019,65,Hartland,73.0,31.0,104,1.18
2019,66,Harwinton,34.0,47.0,81,0.92
2019,67,Hebron,60.0,5.0,65,0.74
2019,68,Kent,92.0,,132,1.5
2019,69,Killingly,53.0,35.0,88,1.0
2019,70,Killingworth,62.0,1.0,63,0.72
2019,71,Lebanon,78.0,28.0,106,1.2
2019,72,Ledyard,96.0,3.0,99,1.12
2019,73,Lisbon,6.0,0.0,6,0.07
2019,74,Litchfield,75.0,18.0,93,1.06
2019,75,Lyme,48.0,25.0,73,0.83
2019,76,Madison,93.0,24.0,117,1.33
2019,77,Manchester,84.0,9.0,93,1.06
2019,78,Mansfield,30.0,14.0,44,0.5
2019,79,Marlborough,57.0,21.0,78,0.89
2019,80,Meriden,60.0,47.0,107,1.22
2019,81,Middlebury,23.0,20.0,43,0.49
2019,82,Middlefield,19.0,21.0,40,0.45
2019,83,Middletown,36.0,35.0,71,0.81
2019,84,Milford,3.0,33.0,36,0.41
2019,85,Monroe,91.0,29.0,120,1.36
2019,86,Montville,19.0,24.0,43,0.49
2019,87,Morris,59.0,44.0,103,1.17
2019,88,Naugatuck,23.0,27.0,-50,0.57
2019,89,New Britain,49.0,0.0,49,0.56
2019,90,New Canaan,48.0,48.0,96,1.09
2019,91,New Fairfield,50.0,44.0,94,1.07
2019,92,New Hartford,95.0,3.0,98,1.11
2019,93,New Haven,35.0,6.0,41,0.47
2019,95,New London,,48.0,145,1.65
2019,96,New Milford,,8.0,107,1.22
2019,94,Newington,65.0,35.0,100,1.14
2019,97,Newtown,78.0,18.0,96,1.09
2019,98,Norfolk,33.0,,33,0.37
2019,99,North Branford,35.0,9.0,44,0.5
2019,100,North Canaan,5.0,35.0,40,0.45
2019,101,North Haven,38.0,8.0,46,0.52
2019,102,North Stonington,41.0,44.0,85,0.97
2019,103,Norwalk,57.0,45.0,102,1.16
2019,104,Norwich,11.0,41.0,52,0.59
2019,105,Old Lyme,2.0,31.0,33,0.37
2019,106,Old Saybrook,17.0,31.0,48,0.55
2019,107,Orange,39.0,5.0,44,0.5
2019,108,Oxford,20.0,47.0,67,0.76
2019,109,Plainfield,14.0,37.0,51,0.58
2019,110,Plainville,96.0,16.0,112,1.27
2019,111,Plymouth,98.0,9.0,107,1.22
2019,112,Pomfret,25.0,49.0,74,0.84
2019,113,Portland,7.0,26.0,33,0.37
2019,114,Preston,99.0,49.0,148,1.68
2019,115,Prospect,93.0,34.0,127,1.44
2019,116,Putnam,86.0,20.0,106,1.2
2019,117,Redding,41.0,24.0,65,0.74
2019,118,Ridgefield,43.0,27.0,70,0.8
2019,119,Rocky Hill,13.0,,59,0.67
2019,120,Roxbury,77.0,14.0,91,1.03
2019,121,Salem,1.0,3.0,4,0.05
2019,122,Salisbury,36.0,28.0,64,0.73
2019,123,Scotland,68.0,,76,0.86
2019,124,Seymour,37.0,26.0,63,0.72
2019,125,Sharon,40.0,25.0,65,0.74
2019,126,Shelton,61.0,18.0,79,0.9
2019,127,Sherman,59.0,27.0,86,0.98
2019,128,Simsbury,13.0,16.0,29,0.33
2019,129,Somers,88.0,42.0,130,1.48
2019,132,South Windsor,83.0,40.0,123,1.4
2019,130,Southbury,1.0,41.0,42,0.48
2019,131,Southington,69.0,49.0,118,1.34
2019,133,Sprague,16.0,19.0,35,0.4
2019,134,Stafford,88.0,44.0,132,1.5
2019,135,Stamford,27.0,39.0,66,0.75
2019,136,Sterling,65.0,38.0,103,1.17
2019,137,Stonington,34.0,48.0,82,0.93
2019,138,Stratford,4.0,22.0,26,0.3
2019,139,Suffield,64.0,46.0,110,1.25
2019,140,Thomaston,39.0,31.0,70,0.8
2019,141,Thompson,75.0,46.0,121,1.37
2019,142,Tolland,55.0,32.0,87,0.99
2019,143,Torrington,35.0,45.0,80,0.91
2019,144,Trumbull,44.0,4.0,48,0.55
2019,145,Union,22.0,42.0,64,0.73
2019,146,Vernon,46.0,47.0,93,1.06
2019,147,Voluntown,30.0,33.0,63,0.72
2019,148,Wallingford,10.0,39.0,49,0.56
2019,149,Warren,,10.0,19,0.22
2019,150,Washington,66.0,49.0,115,1.31
2019,151,Waterbury,13.0,2.0,15,0.17
2019,152,Waterford,79.0,32.0,111,1.26
2019,153,Watertown,73.0,10.0,83,0.94
2019,155,West Hartford,92.0,15.0,107,1.22
2019,156,West Haven,9.0,17.0,26,0.3
2019,154,Westbrook,75.0,29.0,104,1.18
2019,157,Weston,93.0,,140,1.59
2019,158,Westport,0.0,9.0,-9,0.1
2019,159,Wethersfield,4.0,17.0,21,0.24
2019,160,Willington,19.0,37.0,56,0.64
2019,161,Wilton,7.0,18.0,25,0.28
2019,162,Winchester,42.0,35.0,77,0.87
2019,163,Windham,75.0,12.0,87,0.99
2019,164,Windsor,0.0,45.0,45,0.51
2019,165,Windsor Locks,56.0,2.0,58,0.66
2019,166,Wolcott,63.0,9.0,72,0.82
2019,167,Woodbridge,83.0,37.0,120,1.36
2019,168,Woodbury,27.0,0.0,27,0.31
2019,169,Woodstock,36.0,26.0,62,0.7
2020,1,Andover,46.0,45.0,91,1.03
2020,2,Ansonia,75.0,7.0,82,0.93
2020,3,Ashford,36.0,45.0,81,0.92
2020,4,Avon,48.0,41.0,89,1.01
2020,5,Barkhamsted,43.0,16.0,59,0.67
2020,6,Beacon Falls,55.0,8.0,63,0.72
2020,7,Berlin,27.0,5.0,32,0.36
2020,8,Bethany,78.0,42.0,120,1.36
2020,9,Bethel,5.0,24.0,29,0.33
2020,10,Bethlehem,60.0,38.0,98,1.11
2020,11,Bloomfield,19.0,48.0,67,0.76
2020,12,Bolton,77.0,27.0,104,1.18
2020,13,Bozrah,1.0,32.0,33,0.37
2020,14,Branford,72.0,36.0,108,1.23
2020,15,Bridgeport,36.0,8.0,44,0.5
2020,16,Bridgewater,19.0,17.0,36,0.41
2020,17,Bristol,25.0,20.0,45,0.51
2020,18,Brookfield,28.0,1.0,29,0.33
2020,19,Brooklyn,0.0,42.0,42,4.8
2020,20,Burlington,34.0,37.0,71,0.81
2020,21,Canaan,69.0,,108,1.23
2020,22,Canterbury,58.0,35.0,93,1.06
2020,23,Canton,68.0,49.0,117,1.33
2020,24,Chaplin,32.0,42.0,74,8.4
2020,25,Cheshire,50.0,36.0,86,0.98
2020,26,Chester,77.0,14.0,91,1.03
2020,27,Clinton,11.0,27.0,38,0.43
2020,28,Colchester,19.0,17.0,36,0.41
2020,29,Colebrook,52.0,33.0,85,0.97
2020,30,Columbia,87.0,21.0,108,1.23
2020,31,Cornwall,,10.0,52,0.59
2020,32,Coventry,97.0,12.0,109,1.24
2020,33,Cromwell,88.0,3.0,91,1.03
2020,34,Danbury,49.0,21.0,70,0.8
2020,35,Darien,28.0,6.0,34,0.39
2020,36,Deep River,56.0,42.0,98,1.11
2020,37,Derby,38.0,23.0,61,0.69
2020,38,Durham,94.0,3.0,97,1.1
2020,40,East Granby,55.0,27.0,82,0.93
2020,41,East Haddam,42.0,14.0,56,0.64
2020,42,East Hampton,49.0,0.0,49,0.56
2020,43,East Hartford,22.0,2.0,24,0.27
2020,44,East Haven,43.0,13.0,56,0.64
2020,45,East Lyme,37.0,37.0,74,0.84
2020,47,East Windsor,83.0,49.0,132,1.5
2020,39,Eastford,22.0,0.0,22,0.25
2020,46,Easton,44.0,37.0,81,0.92
2020,48,Ellington,51.0,37.0,88,1.0
2020,49,Enfield,79.0,20.0,99,11.200000000000001
2020,50,Essex,49.0,47.0,96,1.09
2020,51,Fairfield,7.0,28.0,35,0.4
2020,52,Farmington,84.0,4.0,88,1.0
2020,53,Franklin,0.0,48.0,48,0.55
2020,54,Glastonbury,7.0,9.0,16,0.18
2020,55,Goshen,28.0,27.0,55,0.62
2020,56,Granby,95.0,20.0,115,1.31
2020,57,Greenwich,4.0,49.0,53,0.6
2020,58,Griswold,85.0,6.0,91,1.03
2020,59,Groton,46.0,2.0,48,0.55
2020,60,Guilford,33.0,44.0,77,0.87
2020,61,Haddam,64.0,46.0,110,1.25
2020,62,Hamden,54.0,19.0,73,0.83
2020,63,Hampton,89.0,18.0,107,1.22
2020,64,Hartford,,34.0,76,0.86
2020,65,Hartland,73.0,3.0,76,0.86
2020,66,Harwinton,29.0,4.0,33,0.37
2020,67,Hebron,81.0,0.0,81,0.92
2020,68,Kent,16.0,3.0,19,0.22
2020,69,Killingly,,11.0,36,0.41
2020,70,Killingworth,7.0,26.0,33,0.37
2020,71,Lebanon,46.0,41.0,87,0.99
2020,72,Ledyard,75.0,,97,1.1
2020,73,Lisbon,90.0,24.0,114,1.3
2020,74,Litchfield,71.0,20.0,91,1.03
2020,75,Lyme,88.0,23.0,111,1.26
2020,76,Madison,45.0,24.0,69,0.78
2020,77,Manchester,67.0,44.0,111,1.26
2020,78,Mansfield,32.0,45.0,77,0.87
2020,79,Marlborough,0.0,31.0,31,0.35
2020,80,Meriden,18.0,31.0,49,0.56
2020,81,Middlebury,30.0,4.0,34,0.39
2020,82,Middlefield,79.0,35.0,114,1.3
2020,83,Middletown,13.0,45.0,58,0.66
2020,84,Milford,52.0,41.0,93,1.06
2020,85,Monroe,47.0,48.0,95,1.08
2020,86,Montville,68.0,41.0,109,1.24
2020,87,Morris,89.0,38.0,127,1.44
2020,88,Naugatuck,,15.0,76,0.86
2020,89,New Britain,91.0,32.0,123,1.4
2020,90,New Canaan,65.0,48.0,113,1.28
2020,91,New Fairfield,63.0,20.0,83,0.94
2020,92,New Hartford,69.0,,77,0.87
2020,93,New Haven,62.0,5.0,67,0.76
2020,95,New London,72.0,44.0,116,1.32
2020,96,New Milford,32.0,34.0,66,0.75
2020,94,Newington,40.0,38.0,78,0.89
2020,97,Newtown,88.0,,109,1.24
2020,98,Norfolk,47.0,40.0,87,0.99
2020,99,North Branford,12.0,4.0,16,0.18
2020,100,North Canaan,72.0,41.0,113,1.28
2020,101,North Haven,76.0,22.0,98,1.11
2020,102,North Stonington,30.0,16.0,46,0.52
2020,103,Norwalk,74.0,11.0,85,0.97
2020,104,Norwich,67.0,22.0,89,1.01
2020,105,Old Lyme,97.0,15.0,112,1.27
2020,106,Old Saybrook,3.0,2.0,5,0.06
2020,107,Orange,18.0,29.0,47,0.53
2020,108,Oxford,69.0,21.0,90,1.02
2020,109,Plainfield,97.0,8.0,105,1.19
2020,110,Plainville,81.0,28.0,109,1.24
2020,111,Plymouth,12.0,46.0,58,0.66
2020,112,Pomfret,22.0,36.0,58,0.66
2020,113,Portland,82.0,22.0,104,1.18
2020,114,Preston,,12.0,86,0.98
2020,115,Prospect,0.0,31.0,31,0.35
2020,116,Putnam,87.0,45.0,132,1.5
2020,117,Redding,53.0,46.0,99,1.12
2020,118,Ridgefield,70.0,47.0,117,1.33
2020,119,Rocky Hill,88.0,22.0,110,1.25
2020,120,Roxbury,84.0,44.0,128,1.45
2020,121,Salem,14.0,16.0,30,0.34
2020,122,Salisbury,64.0,39.0,103,1.17
2020,123,Scotland,75.0,20.0,95,1.08
2020,124,Seymour,70.0,1.0,71,0.81
2020,125,Sharon,14.0,36.0,50,0.57
2020,126,Shelton,20.0,5.0,25,0.28
2020,127,Sherman,18.0,43.0,61,0.69
2020,128,Simsbury,,17.0,76,0.86
2020,129,Somers,92.0,,121,1.37
2020,132,South Windsor,88.0,21.0,109,1.24
2020,130,Southbury,32.0,32.0,64,0.73
2020,131,Southington,48.0,29.0,77,0.87
2020,133,Sprague,95.0,16.0,111,1.26
2020,134,Stafford,34.0,42.0,76,0.86
2020,135,Stamford,43.0,31.0,74,0.84
2020,136,Sterling,89.0,41.0,130,1.48
2020,137,Stonington,10.0,,23,0.26
2020,138,Stratford,98.0,9.0,-107,1.22
2020,139,Suffield,,46.0,117,1.33
2020,140,Thomaston,77.0,35.0,112,1.27
2020,141,Thompson,73.0,33.0,106,12.0
2020,142,Tolland,65.0,8.0,73,0.83
2020,143,Torrington,45.0,41.0,86,0.98
2020,144,Trumbull,8.0,27.0,35,0.4
2020,145,Union,2.0,10.0,12,0.14
2020,146,Vernon,84.0,13.0,97,1.1
2020,147,Voluntown,25.0,38.0,63,0.72
2020,148,Wallingford,71.0,46.0,117,1.33
2020,149,Warren,47.0,18.0,65,0.74
2020,150,Washington,65.0,14.0,79,0.9
2020,151,Waterbury,69.0,27.0,96,1.09
2020,152,Waterford,27.0,23.0,50,0.57
2020,153,Watertown,92.0,7.0,99,1.12
2020,155,West Hartford,25.0,42.0,67,0.76
2020,156,West Haven,24.0,8.0,-32,0.36
2020,154,Westbrook,11.0,,57,0.65
2020,157,Weston,,32.0,36,0.41
2020,158,Westport,97.0,32.0,129,1.47
2020,159,Wethersfield,47.0,18.0,65,0.74
2020,160,Willington,36.0,2.0,38,0.43
2020,161,Wilton,78.0,9.0,87,0.99
2020,162,Winchester,43.0,39.0,82,0.93
2020,163,Windham,99.0,46.0,145,1.65
2020,164,Windsor,14.0,41.0,-55,0.62
2020,165,Windsor Locks,42.0,0.0,42,0.48
2020,166,Wolcott,47.0,28.0,75,0.85
2020,167,Woodbridge,86.0,49.0,135,1.53
2020,168,Woodbury,69.0,33.0,102,1.16
2020,169,Woodstock,45.0,12.0,57,0.65
2021,1,Andover,42.0,0.0,42,0.48
2021,2,Ansonia,20.0,33.0,53,0.6
2021,3,Ashford,22.0,28.0,50,0.57
2021,4,Avon,79.0,47.0,126,1.43
2021,5,Barkhamsted,46.0,,92,1.05
2021,6,Beacon Falls,14.0,12.0,26,0.3
2021,7,Berlin,24.0,47.0,71,0.81
2021,8,Bethany,35.0,48.0,83,0.94
2021,9,Bethel,74.0,28.0,102,1.16
2021,10,Bethlehem,50.0,38.0,88,1.0
2021,11,Bloomfield,14.0,23.0,37,0.42
2021,12,Bolton,67.0,25.0,92,1.05
2021,13,Bozrah,20.0,16.0,36,0.41
2021,14,Branford,12.0,6.0,18,0.2
2021,15,Bridgeport,85.0,12.0,97,1.1
2021,16,Bridgewater,18.0,4.0,22,0.25
2021,17,Bristol,33.0,25.0,58,0.66
2021,18,Brookfield,77.0,48.0,125,1.42
2021,19,Brooklyn,,2.0,69,0.78
2021,20,Burlington,51.0,6.0,57,0.65
2021,21,Canaan,26.0,48.0,74,0.84
2021,22,Canterbury,28.0,38.0,66,0.75
2021,23,Canton,27.0,0.0,27,0.31
2021,24,Chaplin,34.0,48.0,82,0.93
2021,25,Cheshire,7.0,16.0,23,0.26
2021,26,Chester,15.0,42.0,57,0.65
2021,27,Clinton,35.0,24.0,59,0.67
2021,28,Colchester,29.0,2.0,31,0.35
2021,29,Colebrook,17.0,14.0,31,0.35
2021,30,Columbia,1.0,28.0,29,0.33
2021,31,Cornwall,48.0,42.0,90,1.02
2021,32,Coventry,76.0,31.0,107,1.22
2021,33,Cromwell,3.0,25.0,28,3.2
2021,34,Danbury,89.0,15.0,104,1.18
2021,35,Darien,88.0,24.0,112,1.27
2021,36,Deep River,93.0,27.0,120,13.600000000000001
2021,37,Derby,74.0,,-82,0.93
2021,38,Durham,6.0,0.0,6,0.07
2021,40,East Granby,94.0,28.0,122,1.39
2021,41,East Haddam,73.0,21.0,94,1.07
2021,42,East Hampton,38.0,15.0,53,0.6
2021,43,East Hartford,12.0,40.0,52,0.59
2021,44,East Haven,30.0,43.0,73,0.83
2021,45,East Lyme,70.0,40.0,110,1.25
2021,47,East Windsor,62.0,6.0,68,0.77
2021,39,Eastford,55.0,13.0,68,0.77
2021,46,Easton,41.0,28.0,69,0.78
2021,48,Ellington,60.0,18.0,78,0.89
2021,49,Enfield,41.0,,59,0.67
2021,50,Essex,55.0,1.0,56,0.64
2021,51,Fairfield,35.0,40.0,75,8.5
2021,52,Farmington,83.0,44.0,127,14.399999999999999
2021,53,Franklin,67.0,14.0,81,0.92
2021,54,Glastonbury,6.0,2.0,8,0.09
2021,55,Goshen,53.0,10.0,63,0.72
2021,56,Granby,0.0,45.0,45,0.51
2021,57,Greenwich,43.0,29.0,72,0.82
2021,58,Griswold,44.0,39.0,83,0.94
2021,59,Groton,46.0,17.0,63,0.72
2021,60,Guilford,,,59,0.67
2021,61,Haddam,21.0,1.0,22,0.25
2021,62,Hamden,20.0,31.0,51,0.58
2021,63,Hampton,85.0,,92,1.05
2021,64,Hartford,91.0,21.0,112,1.27
2021,65,Hartland,8.0,5.0,13,0.15
2021,66,Harwinton,25.0,11.0,36,0.41
2021,67,Hebron,8.0,46.0,54,0.61
2021,68,Kent,14.0,39.0,53,0.6
2021,69,Killingly,9.0,35.0,44,0.5
2021,70,Killingworth,87.0,14.0,101,1.15
2021,71,Lebanon,41.0,27.0,68,0.77
2021,72,Ledyard,71.0,48.0,119,1.35
2021,73,Lisbon,23.0,44.0,67,0.76
2021,74,Litchfield,79.0,17.0,96,1.09
2021,75,Lyme,48.0,1.0,49,0.56
2021,76,Madison,25.0,12.0,37,0.42
2021,77,Manchester,90.0,44.0,134,1.52
2021,78,Mansfield,36.0,14.0,50,0.57
2021,79,Marlborough,67.0,19.0,86,0.98
2021,80,Meriden,49.0,28.0,77,0.87
2021,81,Middlebury,23.0,41.0,64,0.73
2021,82,Middlefield,18.0,28.0,46,0.52
2021,83,Middletown,,2.0,101,1.15
2021,84,Milford,59.0,18.0,77,0.87
2021,85,Monroe,38.0,2.0,40,0.45
2021,86,Montville,73.0,13.0,86,0.98
2021,87,Morris,88.0,39.0,127,1.44
2021,88,Naugatuck,17.0,3.0,20,0.23
2021,89,New Britain,18.0,10.0,28,0.32
2021,90,New Canaan,35.0,30.0,65,0.74
2021,91,New Fairfield,73.0,42.0,115,1.31
2021,92,New Hartford,96.0,31.0,127,1.44
2021,93,New Haven,54.0,26.0,80,0.91
2021,95,New London,68.0,29.0,97,1.1
2021,96,New Milford,46.0,42.0,88,1.0
2021,94,Newington,48.0,1.0,49,0.56
2021,97,Newtown,98.0,48.0,146,1.66
2021,98,Norfolk,97.0,8.0,105,1.19
2021,99,North Branford,32.0,27.0,59,0.67
2021,100,North Canaan,20.0,30.0,50,0.57
2021,101,North Haven,80.0,33.0,113,1.28
2021,102,North Stonington,21.0,14.0,35,0.4
2021,103,Norwalk,47.0,47.0,94,1.07
2021,104,Norwich,36.0,24.0,60,0.68
2021,105,Old Lyme,14.0,35.0,49,0.56
2021,106,Old Saybrook,34.0,7.0,41,0.47
2021,107,Orange,91.0,8.0,99,1.12
2021,108,Oxford,70.0,36.0,106,1.2
2021,109,Plainfield,31.0,,78,0.89
2021,110,Plainville,10.0,44.0,54,0.61
2021,111,Plymouth,9.0,38.0,47,0.53
2021,112,Pomfret,72.0,31.0,103,1.17
2021,113,Portland,77.0,16.0,93,1.06
2021,114,Preston,76.0,34.0,110,1.25
2021,115,Prospect,56.0,36.0,92,1.05
2021,116,Putnam,24.0,18.0,42,0.48
2021,117,Redding,1.0,43.0,44,0.5
2021,118,Ridgefield,63.0,28.0,91,1.03
2021,119,Rocky Hill,34.0,6.0,40,0.45
2021,120,Roxbury,6.0,27.0,33,3.7
2021,121,Salem,84.0,8.0,92,1.05
2021,122,Salisbury,17.0,27.0,44,0.5
2021,123,Scotland,66.0,5.0,71,0.81
2021,124,Seymour,41.0,28.0,69,0.78
2021,125,Sharon,38.0,,54,0.61
2021,126,Shelton,40.0,15.0,55,0.62
2021,127,Sherman,74.0,22.0,96,1.09
2021,128,Simsbury,23.0,30.0,53,0.6
2021,129,Somers,59.0,2.0,61,0.69
2021,132,South Windsor,,20.0,65,0.74
2021,130,Southbury,18.0,25.0,43,0.49
2021,131,Southington,67.0,35.0,102,1.16
2021,133,Sprague,89.0,41.0,130,1.48
2021,134,Stafford,,36.0,77,0.87
2021,135,Stamford,31.0,21.0,-52,0.59
2021,136,Sterling,38.0,41.0,79,0.9
2021,137,Stonington,35.0,11.0,-46,0.52
2021,138,Stratford,96.0,41.0,137,1.56
2021,139,Suffield,35.0,12.0,47,0.53
2021,140,Thomaston,2.0,10.0,12,0.14
2021,141,Thompson,72.0,15.0,87,0.99
2021,142,Tolland,7.0,7.0,14,0.16
2021,143,Torrington,96.0,39.0,135,1.53
2021,144,Trumbull,69.0,39.0,108,1.23
2021,145,Union,40.0,44.0,84,0.95
2021,146,Vernon,67.0,1.0,68,0.77
2021,147,Voluntown,12.0,29.0,41,0.47
2021,148,Wallingford,48.0,,77,0.87
2021,149,Warren,59.0,11.0,70,0.8
2021,150,Washington,1.0,9.0,10,0.11
2021,151,Waterbury,59.0,43.0,102,1.16
2021,152,Waterford,4.0,,14,0.16
2021,153,Watertown,43.0,14.0,57,0.65
2021,155,West Hartford,26.0,15.0,41,0.47
2021,156,West Haven,31.0,16.0,47,0.53
2021,154,Westbrook,20.0,25.0,45,0.51
2021,157,Weston,7.0,1.0,8,0.09
2021,158,Westport,71.0,49.0,120,1.36
2021,159,Wethersfield,49.0,11.0,60,0.68
2021,160,Willington,66.0,25.0,91,1.03
2021,161,Wilton,43.0,22.0,65,0.74
2021,162,Winchester,57.0,17.0,74,0.84
2021,163,Windham,2.0,31.0,33,0.37
2021,164,Windsor,85.0,48.0,-133,1.51
2021,165,Windsor Locks,69.0,37.0,106,1.2
2021,166,Wolcott,1.0,46.0,47,0.53
2021,167,Woodbridge,86.0,2.0,88,1.0
2021,168,Woodbury,43.0,37.0,80,0.91
2021,169,Woodstock,,2.0,3,0.03
2022,1,Andover,80.0,29.0,109,1.24
2022,2,Ansonia,34.0,0.0,34,0.39
2022,3,Ashford,97.0,29.0,126,1.43
2022,4,Avon,86.0,44.0,130,1.48
2022,5,Barkhamsted,29.0,31.0,60,0.68
2022,6,Beacon Falls,7.0,27.0,34,0.39
2022,7,Berlin,21.0,20.0,41,0.47
2022,8,Bethany,43.0,45.0,88,1.0
2022,9,Bethel,57.0,12.0,69,0.78
2022,10,Bethlehem,35.0,26.0,61,0.69
2022,11,Bloomfield,68.0,35.0,103,1.17
2022,12,Bolton,76.0,6.0,82,0.93
2022,13,Bozrah,92.0,21.0,113,1.28
2022,14,Branford,30.0,9.0,39,0.44
2022,15,Bridgeport,46.0,38.0,84,0.95
2022,16,Bridgewater,54.0,14.0,68,0.77
2022,17,Bristol,79.0,14.0,93,1.06
2022,18,Brookfield,61.0,3.0,64,0.73
2022,19,Brooklyn,29.0,31.0,60,0.68
2022,20,Burlington,54.0,22.0,76,0.86
2022,21,Canaan,15.0,5.0,20,0.23
2022,22,Canterbury,11.0,23.0,34,0.39
2022,23,Canton,16.0,19.0,35,0.4
2022,24,Chaplin,15.0,36.0,51,0.58
2022,25,Cheshire,11.0,19.0,30,0.34
2022,26,Chester,7.0,11.0,18,0.2
2022,27,Clinton,83.0,32.0,115,1.31
2022,28,Colchester,2.0,27.0,29,0.33
2022,29,Colebrook,15.0,7.0,22,0.25
2022,30,Columbia,29.0,0.0,29,0.33
2022,31,Cornwall,22.0,36.0,58,0.66
2022,32,Coventry,91.0,21.0,112,1.27
2022,33,Cromwell,4.0,5.0,9,0.1
2022,34,Danbury,83.0,20.0,-103,1.17
2022,35,Darien,64.0,31.0,95,1.08
2022,36,Deep River,29.0,,63,0.72
2022,37,Derby,20.0,14.0,34,0.39
2022,38,Durham,83.0,4.0,87,0.99
2022,40,East Granby,69.0,45.0,114,1.3
2022,41,East Haddam,21.0,49.0,70,0.8
2022,42,East Hampton,81.0,47.0,128,1.45
2022,43,East Hartford,71.0,5.0,76,0.86
2022,44,East Haven,31.0,24.0,55,0.62
2022,45,East Lyme,32.0,45.0,77,0.87
2022,47,East Windsor,15.0,39.0,54,0.61
2022,39,Eastford,75.0,28.0,103,1.17
2022,46,Easton,37.0,6.0,43,0.49
2022,48,Ellington,97.0,39.0,136,1.55
2022,49,Enfield,13.0,12.0,25,0.28
2022,50,Essex,35.0,37.0,72,0.82
2022,51,Fairfield,96.0,17.0,113,1.28
2022,52,Farmington,22.0,1.0,23,0.26
2022,53,Franklin,65.0,7.0,72,0.82
2022,54,Glastonbury,84.0,10.0,94,1.07
2022,55,Goshen,1.0,32.0,33,0.37
2022,56,Granby,90.0,37.0,127,1.44
2022,57,Greenwich,72.0,47.0,119,1.35
2022,58,Griswold,64.0,26.0,90,1.02
2022,59,Groton,74.0,19.0,93,1.06
2022,60,Guilford,66.0,11.0,77,0.87
2022,61,Haddam,51.0,42.0,93,1.06
2022,62,Hamden,61.0,30.0,91,1.03
2022,63,Hampton,22.0,26.0,48,0.55
2022,64,Hartford,25.0,31.0,56,0.64
2022,65,Hartland,67.0,9.0,76,0.86
2022,66,Harwinton,81.0,2.0,83,0.94
2022,67,Hebron,,44.0,98,1.11
2022,68,Kent,5.0,26.0,31,0.35
2022,69,Killingly,34.0,34.0,68,0.77
2022,70,Killingworth,21.0,30.0,51,0.58
2022,71,Lebanon,42.0,14.0,56,0.64
2022,72,Ledyard,14.0,15.0,29,0.33
2022,73,Lisbon,,12.0,97,1.1
2022,74,Litchfield,59.0,48.0,107,1.22
2022,75,Lyme,11.0,34.0,45,0.51
2022,76,Madison,48.0,10.0,58,0.66
2022,77,Manchester,,20.0,61,0.69
2022,78,Mansfield,37.0,10.0,47,0.53
2022,79,Marlborough,81.0,29.0,110,1.25
2022,80,Meriden,44.0,47.0,91,1.03
2022,81,Middlebury,34.0,34.0,68,0.77
2022,82,Middlefield,29.0,21.0,50,0.57
2022,83,Middletown,87.0,37.0,124,1.41
2022,84,Milford,29.0,30.0,59,0.67
2022,85,Monroe,77.0,13.0,90,1.02
2022,86,Montville,5.0,23.0,28,0.32
2022,87,Morris,66.0,49.0,115,1.31
2022,88,Naugatuck,79.0,48.0,127,1.44
2022,89,New Britain,6.0,31.0,37,0.42
2022,90,New Canaan,51.0,35.0,86,0.98
2022,91,New Fairfield,13.0,,44,0.5
2022,92,New Hartford,,14.0,86,0.98
2022,93,New Haven,14.0,42.0,56,0.64
2022,95,New London,20.0,34.0,54,0.61
2022,96,New Milford,34.0,2.0,36,0.41
2022,94,Newington,65.0,15.0,80,0.91
2022,97,Newtown,90.0,4.0,94,1.07
2022,98,Norfolk,1.0,20.0,21,0.24
2022,99,North Branford,34.0,9.0,43,0.49
2022,100,North Canaan,81.0,18.0,99,1.12
2022,101,North Haven,77.0,24.0,101,1.15
2022,102,North Stonington,19.0,3.0,22,0.25
2022,103,Norwalk,81.0,28.0,109,1.24
2022,104,Norwich,9.0,18.0,27,0.31
2022,105,Old Lyme,24.0,42.0,66,0.75
2022,106,Old Saybrook,65.0,1.0,66,0.75
2022,107,Orange,24.0,9.0,33,0.37
2022,108,Oxford,53.0,,95,1.08
2022,109,Plainfield,32.0,24.0,56,0.64
2022,110,Plainville,35.0,19.0,54,0.61
2022,111,Plymouth,94.0,47.0,141,1.6
2022,112,Pomfret,13.0,18.0,31,0.35
2022,113,Portland,64.0,22.0,86,0.98
2022,114,Preston,79.0,23.0,102,1.16
2022,115,Prospect,53.0,10.0,63,0.72
2022,116,Putnam,51.0,45.0,96,1.09
2022,117,Redding,2.0,33.0,35,0.4
2022,118,Ridgefield,98.0,,125,1.42
2022,119,Rocky Hill,40.0,4.0,44,0.5
2022,120,Roxbury,5.0,4.0,9,0.1
2022,121,Salem,24.0,20.0,44,0.5
2022,122,Salisbury,12.0,11.0,23,0.26
2022,123,Scotland,97.0,,146,1.66
2022,124,Seymour,7.0,3.0,10,0.11
2022,125,Sharon,20.0,48.0,68,0.77
2022,126,Shelton,97.0,41.0,138,1.57
2022,127,Sherman,67.0,19.0,86,0.98
2022,128,Simsbury,24.0,37.0,61,0.69
2022,129,Somers,78.0,24.0,102,1.16
2022,132,South Windsor,67.0,13.0,80,0.91
2022,130,Southbury,44.0,10.0,54,0.61
2022,131,Southington,59.0,31.0,90,1.02
2022,133,Sprague,11.0,10.0,21,0.24
2022,134,Stafford,31.0,17.0,48,0.55
2022,135,Stamford,95.0,,121,1.37
2022,136,Sterling,91.0,17.0,108,1.23
2022,137,Stonington,12.0,22.0,34,0.39
2022,138,Stratford,30.0,10.0,40,0.45
2022,139,Suffield,77.0,20.0,97,1.1
2022,140,Thomaston,19.0,43.0,62,0.7
2022,141,Thompson,17.0,4.0,21,0.24
2022,142,Tolland,,22.0,114,1.3
2022,143,Torrington,59.0,40.0,99,1.12
2022,144,Trumbull,62.0,,86,9.8
2022,145,Union,5.0,40.0,45,0.51
2022,146,Vernon,31.0,9.0,40,0.45
2022,147,Voluntown,92.0,21.0,113,1.28
2022,148,Wallingford,42.0,18.0,60,0.68
2022,149,Warren,1.0,0.0,1,0.01
2022,150,Washington,59.0,6.0,65,0.74
2022,151,Waterbury,22.0,3.0,25,0.28
2022,152,Waterford,82.0,0.0,82,0.93
2022,153,Watertown,30.0,14.0,44,0.5
2022,155,West Hartford,4.0,39.0,43,0.49
2022,156,West Haven,82.0,11.0,93,1.06
2022,154,Westbrook,33.0,21.0,54,0.61
2022,157,Weston,9.0,21.0,30,0.34
2022,158,Westport,88.0,,137,1.56
2022,159,Wethersfield,1.0,46.0,47,0.53
2022,160,Willington,10.0,16.0,26,0.3
2022,161,Wilton,49.0,28.0,77,0.87
2022,162,Winchester,30.0,45.0,75,0.85
2022,163,Windham,55.0,13.0,68,0.77
2022,164,Windsor,78.0,49.0,127,1.44
2022,165,Windsor Locks,72.0,19.0,91,1.03
2022,166,Wolcott,86.0,49.0,135,1.53
2022,167,Woodbridge,82.0,47.0,129,1.47
2022,168,Woodbury,8.0,32.0,40,0.45
2022,169,Woodstock,98.0,42.0,140,1.59
